,github_link,num_comments,discussion_word_count,discussion_duration_hours,num_unique_developers,num_assignees,resolution_time_hours,patch_size_lines,Did ChatGPT help with the issue
0,https://github.com/akorb/SteamShutdown/issues/52,3.0,348.0,5382.293333333333,3.0,0.0,,0.0,No
1,https://github.com/jeroen/resttesttest/issues/26,7.0,405.0,7777.161666666667,2.0,0.0,,0.0,No
2,https://github.com/keycloakify/keycloakify/issues/238,14.0,1076.0,10648.73,3.0,0.0,1863.3408333333334,0.0,Yes
3,https://github.com/netdisco/snmp-info/issues/480,5.0,1093.0,8834.089722222223,2.0,0.0,8834.089722222223,0.0,Yes
4,https://github.com/juliuscc/semantic-release-slack-bot/issues/106,6.0,125.0,6075.171944444444,6.0,0.0,,0.0,No
5,https://github.com/Yukaii/open-source-ideas/issues/67,7.0,53.0,17262.886666666665,1.0,0.0,,0.0,Yes
6,https://github.com/openrewrite/rewrite-spring/issues/300,4.0,189.0,8899.951944444445,4.0,0.0,,0.0,Yes
7,https://github.com/TryQuiet/quiet/issues/1342,12.0,450.0,9427.403055555556,4.0,1.0,9427.403055555556,20.0,Yes
8,https://github.com/kukulich/home-assistant-jablotron100/issues/71,24.0,635.0,3413.0591666666664,8.0,0.0,3413.0591666666664,0.0,Yes
9,https://github.com/grishka/NearDrop/issues/25,14.0,368.0,6471.585,11.0,0.0,,0.0,Yes
10,https://github.com/TryQuiet/quiet/issues/1495,7.0,472.0,1835.403611111111,3.0,1.0,,0.0,Yes
11,https://github.com/deep-foundation/deepcase-app/issues/119,4.0,22.0,6137.496666666667,2.0,2.0,6137.496666666667,0.0,No
12,https://github.com/AdaskoTheBeAsT/Typewriter/issues/28,1.0,1.0,5784.7275,2.0,0.0,5784.727222222222,0.0,Yes
13,https://github.com/openstreetmap/operations/issues/867,,,,,,,,Yes
14,https://github.com/kube-hetzner/terraform-hcloud-kube-hetzner/issues/697,30.0,3219.0,17293.559444444443,7.0,0.0,55.96722222222222,91.0,No
15,https://github.com/blonestar/wp-theme-vite-tailwind/issues/11,2.0,29.0,63.93361111111111,2.0,0.0,,0.0,No
16,https://github.com/meixger/hackernews-daily/issues/251,0.0,0.0,0.0,1.0,0.0,,0.0,No
17,https://github.com/free2z/zuu/issues/64,2.0,35.0,3362.693888888889,2.0,1.0,3362.6936111111113,0.0,No
18,https://github.com/britannio/in_app_review/issues/91,3.0,56.0,2897.719722222222,2.0,0.0,2897.719722222222,0.0,Yes
19,https://github.com/microsoft/vscode-copilot-release/issues/166,9.0,187.0,10973.551111111112,8.0,1.0,3751.611388888889,0.0,Yes
20,https://github.com/codegouvfr/sill/issues/15,7.0,155.0,1030.5516666666667,2.0,0.0,1030.5516666666667,0.0,Yes
21,https://github.com/zylon-ai/private-gpt/issues/302,30.0,1794.0,6348.118611111111,16.0,0.0,6348.118333333333,0.0,Yes
22,https://github.com/OpenAdaptAI/OpenAdapt/issues/185,3.0,1858.0,645.1647222222222,2.0,1.0,645.1647222222222,3940.0,No
23,https://github.com/NCATSTranslator/Feedback/issues/198,20.0,2043.0,858.4022222222222,5.0,0.0,858.4022222222222,0.0,No
24,https://github.com/NCATSTranslator/Feedback/issues/198,20.0,2043.0,858.4022222222222,5.0,0.0,858.4022222222222,0.0,No
25,https://github.com/NCATSTranslator/Feedback/issues/198,20.0,2043.0,858.4022222222222,5.0,0.0,858.4022222222222,0.0,No
26,https://github.com/NCATSTranslator/Feedback/issues/198,20.0,2043.0,858.4022222222222,5.0,0.0,858.4022222222222,0.0,No
27,https://github.com/NCATSTranslator/Feedback/issues/198,20.0,2043.0,858.4022222222222,5.0,0.0,858.4022222222222,0.0,No
28,https://github.com/NCATSTranslator/Feedback/issues/198,20.0,2043.0,858.4022222222222,5.0,0.0,858.4022222222222,0.0,No
29,https://github.com/NCATSTranslator/Feedback/issues/198,20.0,2043.0,858.4022222222222,5.0,0.0,858.4022222222222,0.0,No
30,https://github.com/NCATSTranslator/Feedback/issues/198,20.0,2043.0,858.4022222222222,5.0,0.0,858.4022222222222,0.0,No
31,https://github.com/NCATSTranslator/Feedback/issues/198,20.0,2043.0,858.4022222222222,5.0,0.0,858.4022222222222,0.0,No
32,https://github.com/NCATSTranslator/Feedback/issues/198,20.0,2043.0,858.4022222222222,5.0,0.0,858.4022222222222,0.0,No
33,https://github.com/NCATSTranslator/Feedback/issues/198,20.0,2043.0,858.4022222222222,5.0,0.0,858.4022222222222,0.0,No
34,https://github.com/NCATSTranslator/Feedback/issues/198,20.0,2043.0,858.4022222222222,5.0,0.0,858.4022222222222,0.0,No
35,https://github.com/NCATSTranslator/Feedback/issues/198,20.0,2043.0,858.4022222222222,5.0,0.0,858.4022222222222,0.0,No
36,https://github.com/NCATSTranslator/Feedback/issues/198,20.0,2043.0,858.4022222222222,5.0,0.0,858.4022222222222,0.0,No
37,https://github.com/NCATSTranslator/Feedback/issues/198,20.0,2043.0,858.4022222222222,5.0,0.0,858.4022222222222,0.0,No
38,https://github.com/NCATSTranslator/Feedback/issues/198,20.0,2043.0,858.4022222222222,5.0,0.0,858.4022222222222,0.0,No
39,https://github.com/Quran-Journey/backend/issues/160,0.0,0.0,4887.678055555555,1.0,0.0,,0.0,Yes
40,https://github.com/OpenVoiceOS/ovos-technical-manual/issues/4,0.0,0.0,0.0,1.0,1.0,,0.0,No
41,https://github.com/OpenVoiceOS/ovos-technical-manual/issues/4,0.0,0.0,0.0,1.0,1.0,,0.0,No
42,https://github.com/OpenVoiceOS/ovos-technical-manual/issues/4,0.0,0.0,0.0,1.0,1.0,,0.0,No
43,https://github.com/OpenVoiceOS/ovos-technical-manual/issues/4,0.0,0.0,0.0,1.0,1.0,,0.0,No
44,https://github.com/karpathy/ng-video-lecture/issues/18,6.0,211.0,6935.5986111111115,4.0,0.0,,0.0,Yes
45,https://github.com/jabrena/spring-boot-user-beans/issues/44,1.0,2.0,573.6141666666666,1.0,0.0,,0.0,No
46,https://github.com/jabrena/spring-boot-user-beans/issues/44,1.0,2.0,573.6141666666666,1.0,0.0,,0.0,No
47,https://github.com/jabrena/spring-boot-user-beans/issues/44,1.0,2.0,573.6141666666666,1.0,0.0,,0.0,No
48,https://github.com/jabrena/spring-boot-user-beans/issues/44,1.0,2.0,573.6141666666666,1.0,0.0,,0.0,No
49,https://github.com/teremterem/botmerger/issues/5,1.0,50.0,0.7619444444444444,1.0,0.0,,0.0,Yes
50,https://github.com/Takuzen/notan/issues/1,0.0,0.0,0.0,1.0,0.0,,0.0,No
51,https://github.com/linkml/linkml/issues/1488,2.0,68.0,2821.7561111111113,2.0,0.0,,0.0,No
52,https://github.com/lablup/backend.ai/issues/1323,2.0,59.0,11962.63361111111,2.0,0.0,7131.478888888889,2206.0,Yes
53,https://github.com/multitheftauto/mtasa-blue/issues/3056,0.0,0.0,14012.96388888889,1.0,0.0,14012.96388888889,0.0,No
54,https://github.com/moom0o/PhotoSphereStudio/issues/9,1.0,2.0,737.4163888888888,2.0,0.0,,0.0,No
55,https://github.com/wizeline/wize-q-remix/issues/239,0.0,0.0,0.008888888888888889,1.0,0.0,,0.0,Yes
56,https://github.com/theonlysam/blackjack/issues/2,2.0,33.0,18.849722222222223,1.0,0.0,,0.0,Yes
57,https://github.com/welfare-state-analytics/riksdagen-corpus/issues/320,0.0,0.0,1.9583333333333333,1.0,0.0,,0.0,No
58,https://github.com/multitheftauto/mtasa-blue/issues/3087,1.0,37.0,13487.703055555556,2.0,0.0,,0.0,No
59,https://github.com/pmndrs/assets/issues/4,0.0,0.0,20.774722222222223,1.0,1.0,,0.0,Yes
60,https://github.com/ActivityWatch/aw-server/issues/137,4.0,283.0,29.337222222222223,3.0,0.0,,0.0,Yes
61,https://github.com/OpenAdaptAI/OpenAdapt/issues/288,6.0,245.0,73.1913888888889,2.0,0.0,,0.0,Yes
62,https://github.com/nextflow-io/nf-validation/issues/52,,,,,,,,No
63,https://github.com/LukeberryPi/phived/issues/55,2.0,162.0,3746.7702777777777,2.0,0.0,3746.762222222222,982.0,No
64,https://github.com/karthink/gptel/issues/76,12.0,2370.0,13637.090555555556,4.0,0.0,13637.090555555556,893.0,Yes
65,https://github.com/vitabletech/SnippetMaster/issues/29,3.0,30.0,1515.891388888889,1.0,1.0,1515.891388888889,0.0,Yes
66,https://github.com/eclipse-basyx/basyx-applications/issues/30,1.0,117.0,2783.8263888888887,2.0,0.0,2783.8263888888887,0.0,Yes
67,https://github.com/jabrena/spring-boot-user-beans/issues/36,5.0,74.0,49.72472222222222,1.0,0.0,49.7225,0.0,Yes
68,https://github.com/jabrena/spring-boot-user-beans/issues/36,5.0,74.0,49.72472222222222,1.0,0.0,49.7225,0.0,No
69,https://github.com/jabrena/spring-boot-user-beans/issues/36,5.0,74.0,49.72472222222222,1.0,0.0,49.7225,0.0,Yes
70,https://github.com/jabrena/spring-boot-user-beans/issues/36,5.0,74.0,49.72472222222222,1.0,0.0,49.7225,0.0,No
71,https://github.com/jabrena/spring-boot-user-beans/issues/100,1.0,1.0,21.0725,1.0,0.0,21.072222222222223,0.0,Yes
72,https://github.com/jabrena/spring-boot-user-beans/issues/88,1.0,1.0,6.498611111111111,1.0,0.0,6.498611111111111,0.0,Yes
73,https://github.com/paulio11/P5-Pokebox/issues/69,0.0,0.0,523.0725,1.0,0.0,20.412222222222223,0.0,Yes
74,https://github.com/garymm/starflate/issues/49,2.0,41.0,313.3863888888889,2.0,0.0,313.3861111111111,235.0,No
75,https://github.com/lakruzz/reporeport/issues/10,2.0,44.0,2.9008333333333334,1.0,0.0,2.7325,0.0,Yes
76,https://github.com/dumpus-app/dumpus-app/issues/37,3.0,45.0,789.2886111111111,2.0,1.0,789.2830555555555,0.0,Yes
77,https://github.com/sky-unlimited/wef_2023/issues/26,,,,,,,,Yes
78,https://github.com/MasterPi-2124/CNWeb30-Backend/issues/15,2.0,12.0,23.04,2.0,1.0,23.000555555555554,0.0,Yes
79,https://github.com/jabrena/spring-boot-user-beans/issues/23,3.0,4.0,781.0233333333333,1.0,0.0,697.1705555555556,0.0,No
80,https://github.com/scriptit-fr/ChatGPTApp/issues/3,2.0,9.0,3.9033333333333333,2.0,0.0,3.9030555555555555,0.0,Yes
81,https://github.com/SafEight/wdm-project/issues/8,0.0,0.0,38.80083333333334,1.0,1.0,38.80083333333334,0.0,Yes
82,https://github.com/D3Zyre/Copy-All-Files-From-Folder/issues/17,1.0,1.0,294.36277777777775,1.0,0.0,294.36277777777775,0.0,No
83,https://github.com/ObjectVision/GeoDMS/issues/246,2.0,53.0,769.2602777777778,1.0,1.0,768.4875,0.0,Yes
84,https://github.com/jabrena/spring-boot-user-beans/issues/17,2.0,2.0,141.10722222222222,1.0,0.0,116.32444444444444,0.0,Yes
85,https://github.com/HumanCompatibleAI/tensor-trust/issues/51,2.0,249.0,1101.9747222222222,2.0,1.0,1101.9747222222222,0.0,Yes
86,https://github.com/JAWD-001/peer_mentoring/issues/60,9.0,129.0,219.41555555555556,2.0,0.0,219.41555555555556,0.0,Yes
87,https://github.com/Ken-Watson/home-depot-scraper-pdm/issues/32,3.0,95.0,238.61666666666667,2.0,0.0,238.61666666666667,0.0,Yes
88,https://github.com/purcell/postgresql-migrations/issues/4,2.0,121.0,17.053333333333335,2.0,0.0,17.053333333333335,0.0,Yes
89,https://github.com/kreait/firebase-php/issues/802,7.0,243.0,18.363333333333333,2.0,1.0,0.3786111111111111,0.0,No
90,https://github.com/simonw/ttok/issues/7,6.0,168.0,757.6297222222222,1.0,0.0,757.6161111111111,0.0,Yes
91,https://github.com/internetarchive/openlibrary/issues/7942,2.0,23.0,0.6,1.0,0.0,0.445,0.0,Yes
92,https://github.com/Bluefissure/NoKillPlugin/issues/6,,,,,,,,Yes
93,https://github.com/NA-MIC/ProjectWeek/issues/724,4.0,62.0,29.44638888888889,3.0,5.0,1.305,78.0,No
94,https://github.com/oneduo/nova-file-manager/issues/249,1.0,16.0,385.06916666666666,2.0,0.0,385.06888888888886,0.0,No
95,https://github.com/odoo/odoo/issues/126891,1.0,44.0,472.9302777777778,2.0,0.0,472.93,0.0,No
96,https://github.com/winglang/wing/issues/2869,17.0,447.0,778.6697222222223,6.0,1.0,778.6697222222223,0.0,No
97,https://github.com/jefftriplett/frontmatter-cli/issues/5,4.0,281.0,31.0075,2.0,0.0,31.0075,129.0,Yes
98,https://github.com/simonw/symbex/issues/25,5.0,468.0,14.2075,1.0,0.0,0.5058333333333334,0.0,Yes
99,https://github.com/jasonacox/Powerwall-Dashboard/issues/288,30.0,3757.0,1168.7788888888888,3.0,0.0,1168.778611111111,0.0,Yes
100,https://github.com/jasonacox/Powerwall-Dashboard/issues/302,30.0,3374.0,933.7563888888889,4.0,0.0,933.7561111111111,0.0,Yes
101,https://github.com/davisyoshida/easy-lora-and-gptq/issues/1,9.0,896.0,399.9186111111111,2.0,0.0,1.031111111111111,0.0,No
102,https://github.com/wasfree/terraform-provider-uptrends/issues/69,3.0,587.0,0.7069444444444445,1.0,0.0,0.7069444444444445,0.0,Yes
103,https://github.com/Vandivier/ladderly-3/issues/41,3.0,10.0,15965.305833333334,1.0,0.0,15965.305555555555,0.0,Yes
104,https://github.com/udayhello/handwritten1/issues/2,0.0,0.0,0.0,1.0,0.0,,0.0,No
105,https://github.com/udayhello/handwritten1/issues/1,0.0,0.0,0.0,1.0,0.0,,0.0,No
106,https://github.com/jabrena/aqa-tests-experiments/issues/4,1.0,2.0,7431.387222222223,1.0,0.0,7431.386944444444,0.0,No
107,https://github.com/jabrena/aqa-tests-experiments/issues/4,1.0,2.0,7431.387222222223,1.0,0.0,7431.386944444444,0.0,No
108,https://github.com/jabrena/aqa-tests-experiments/issues/4,1.0,2.0,7431.387222222223,1.0,0.0,7431.386944444444,0.0,No
109,https://github.com/jabrena/aqa-tests-experiments/issues/4,1.0,2.0,7431.387222222223,1.0,0.0,7431.386944444444,0.0,No
110,https://github.com/SKKUFastech/week1/issues/5,1.0,1.0,0.23222222222222222,1.0,0.0,,0.0,Yes
111,https://github.com/wolfgangmeyers/aibrush-2/issues/45,0.0,0.0,0.0,1.0,0.0,,0.0,No
112,https://github.com/OpenTalker/video-retalking/issues/71,3.0,7.0,6165.150555555556,4.0,0.0,,0.0,No
113,https://github.com/fczuardi/39-rhymes/issues/2,0.0,0.0,0.0,1.0,0.0,,0.0,No
114,https://github.com/ajschumacher/ajschumacher.github.io/issues/384,0.0,0.0,0.0,1.0,0.0,,0.0,No
115,https://github.com/sanjar-notes/react/issues/40,0.0,0.0,0.01861111111111111,1.0,1.0,,0.0,Yes
116,https://github.com/anandcsingh/rankproof/issues/77,0.0,0.0,0.028055555555555556,1.0,0.0,,0.0,No
117,https://github.com/martyu/Rangliste/issues/4,0.0,0.0,0.011111111111111112,1.0,0.0,,0.0,No
118,https://github.com/jabrena/spring-boot-user-beans/issues/120,2.0,4.0,988.3838888888889,1.0,0.0,,0.0,No
119,https://github.com/jabrena/spring-boot-user-beans/issues/129,4.0,9.0,159.92388888888888,1.0,0.0,,0.0,No
120,https://github.com/soulhighwing/LocalGPT/issues/2,0.0,0.0,0.0,1.0,0.0,,0.0,Yes
121,https://github.com/ActivityWatch/aw-leaderboard-firebase/issues/1,2.0,81.0,117.57777777777778,2.0,0.0,,0.0,No
122,https://github.com/ivpusic/react-native-image-crop-picker/issues/1941,0.0,0.0,1.2033333333333334,1.0,0.0,,0.0,No
123,https://github.com/ballerina-platform/ballerina-library/issues/5129,,,,,,,,Yes
124,https://github.com/hl7-be/patientwill/issues/8,4.0,216.0,1680.0422222222223,3.0,0.0,,0.0,No
125,https://github.com/deep-foundation/deepcase-app/issues/182,7.0,258.0,49.702777777777776,2.0,1.0,,0.0,No
126,https://github.com/simonw/llm-replicate/issues/4,5.0,241.0,0.8786111111111111,1.0,0.0,,0.0,No
127,https://github.com/NVlabs/Deep_Object_Pose/issues/313,5.0,291.0,224.17,2.0,0.0,,0.0,Yes
128,https://github.com/Revopoint/3DViewer/issues/9,2.0,482.0,6229.030277777778,2.0,0.0,6229.030277777778,0.0,No
129,https://github.com/nomic-ai/gpt4all/issues/1238,4.0,524.0,307.40805555555556,3.0,0.0,,0.0,Yes
130,https://github.com/scripting/blue.feedland/issues/19,16.0,689.0,10484.714444444444,9.0,0.0,,0.0,No
131,https://github.com/ubiquity/business-development/issues/58,7.0,532.0,1059.5891666666666,2.0,0.0,,0.0,No
132,https://github.com/simonw/asgi-proxy-lib/issues/5,5.0,458.0,0.49972222222222223,1.0,0.0,,0.0,Yes
133,https://github.com/aahnik/unison/issues/1,1.0,1.0,4101.466944444444,1.0,1.0,4101.466944444444,0.0,Yes
134,https://github.com/gbif/ipt/issues/2061,30.0,1877.0,6589.366666666667,4.0,1.0,6586.918055555556,0.0,No
135,https://github.com/liyongsea/parallel_corpus_mnbvc/issues/45,0.0,0.0,1440.4894444444444,1.0,0.0,1440.4894444444444,0.0,Yes
136,https://github.com/arikwex/infernal-sigil/issues/2,2.0,458.0,1274.0352777777778,2.0,0.0,1274.0352777777778,0.0,Yes
137,https://github.com/clojure-emacs/clj-suitable/issues/39,4.0,77.0,2426.6294444444443,2.0,0.0,2426.6294444444443,24.0,Yes
138,https://github.com/FIT4002-TEAM9/Leaf/issues/41,1.0,56.0,532.9458333333333,1.0,1.0,532.9458333333333,0.0,Yes
139,https://github.com/eric-czech/ngly1-gpt/issues/2,0.0,0.0,5285.146388888889,1.0,0.0,5285.146388888889,0.0,Yes
140,https://github.com/hackforla/website/issues/5086,9.0,6900.0,10599.140833333333,4.0,1.0,7362.939166666667,0.0,Yes
141,https://github.com/rane254/QuiizApp2023/issues/1,0.0,0.0,47.75388888888889,1.0,0.0,47.75388888888889,0.0,Yes
142,https://github.com/neilenns/vatsim-plan-verifier/issues/149,0.0,0.0,1.336111111111111,1.0,1.0,1.336111111111111,75.0,Yes
143,https://github.com/ObjectVision/GeoDMS/issues/304,3.0,72.0,1251.5758333333333,3.0,1.0,1251.5758333333333,0.0,Yes
144,https://github.com/Merxon22/Appointmeow/issues/1,1.0,32.0,643.2536111111111,1.0,0.0,643.2536111111111,0.0,Yes
145,https://github.com/neilenns/vatsim-plan-verifier/issues/173,1.0,1.0,48.10777777777778,1.0,1.0,48.10777777777778,22.0,Yes
146,https://github.com/neilenns/vatsim-plan-verifier/issues/135,1.0,9.0,1.866111111111111,1.0,0.0,1.8658333333333332,0.0,Yes
147,https://github.com/jabrena/spring-boot-user-beans/issues/119,1.0,3.0,113.02388888888889,1.0,0.0,113.02361111111111,0.0,Yes
148,https://github.com/jabrena/spring-boot-user-beans/issues/119,1.0,3.0,113.02388888888889,1.0,0.0,113.02361111111111,0.0,Yes
149,https://github.com/codelittinc/story-forge-api/issues/2,0.0,0.0,3.5519444444444446,1.0,0.0,3.5519444444444446,0.0,Yes
150,https://github.com/mrigankpawagi/HinglishEval/issues/7,1.0,5.0,69.94027777777778,2.0,0.0,69.84388888888888,0.0,Yes
151,https://github.com/rust-lang/book/issues/3796,5.0,529.0,700.2655555555556,4.0,0.0,700.2652777777778,0.0,Yes
152,https://github.com/simonw/llm/issues/376,3.0,88.0,1035.6458333333333,3.0,0.0,1035.6458333333333,8.0,Yes
153,https://github.com/andrewnjoo/SubsTrackr/issues/21,,,,,,,,Yes
154,https://github.com/kaist-cp/cs220/issues/338,6.0,71.0,24.011388888888888,5.0,3.0,24.011388888888888,0.0,Yes
155,https://github.com/shapeshift/web/issues/5703,1.0,1.0,987.3016666666666,1.0,1.0,987.3013888888889,136.0,Yes
156,https://github.com/dubinc/dub/issues/479,7.0,151.0,2310.4383333333335,3.0,0.0,2308.9983333333334,0.0,No
157,https://github.com/mattelim/text-gpt-p5-app/issues/1,,,,,,,,Yes
158,https://github.com/samsoe/mpg_aerial_survey/issues/30,1.0,6.0,0.006666666666666667,1.0,0.0,0.006388888888888889,0.0,Yes
159,https://github.com/software-engineer-vinokurov/marktplaats-gpt-site/issues/2,1.0,21.0,104.695,1.0,0.0,104.69472222222223,0.0,Yes
160,https://github.com/onetransistor/arduino-libraries/issues/1,20.0,1391.0,1088.305,4.0,1.0,,0.0,Yes
161,https://github.com/joaogdfaero/rails_react_notes/issues/1,1.0,4.0,0.5963888888888889,1.0,1.0,0.5880555555555556,0.0,Yes
162,https://github.com/bluesky-social/social-app/issues/2318,5.0,322.0,10142.459444444445,4.0,0.0,45.785,0.0,Yes
163,https://github.com/jwjacobson/jazztunes/issues/64,2.0,114.0,158.76194444444445,2.0,1.0,158.76194444444445,0.0,No
164,https://github.com/simonw/llm/issues/378,3.0,310.0,938.63,2.0,0.0,938.63,47.0,Yes
165,https://github.com/visit-dav/visit/issues/19142,3.0,218.0,982.1952777777777,3.0,1.0,982.195,0.0,Yes
166,https://github.com/ankane/searchkick/issues/1659,4.0,202.0,3.4497222222222224,2.0,0.0,0.7363888888888889,0.0,No
167,https://github.com/freeplane/freeplane/issues/1581,6.0,266.0,877.4480555555556,3.0,0.0,368.5780555555556,0.0,Yes
168,https://github.com/woodsbury/decimal128/issues/7,4.0,328.0,17.843055555555555,2.0,0.0,17.585277777777776,0.0,Yes
169,https://github.com/keidarcy/e1s/issues/88,10.0,666.0,1008.3694444444444,2.0,1.0,337.5372222222222,268.0,Yes
170,https://github.com/AllenNeuralDynamics/dynamic-foraging-task/issues/97,4.0,490.0,780.3988888888889,2.0,3.0,780.3988888888889,0.0,Yes
171,https://github.com/Ehsan-U/Cars-Revised/issues/5,,,,,,,,Yes
172,https://github.com/freeplane/freeplane/issues/1555,6.0,556.0,3705.244722222222,3.0,0.0,423.0047222222222,0.0,No
173,https://github.com/reproducible-reporting/reprepbuild/issues/28,8.0,360.0,26.9975,2.0,0.0,26.997222222222224,0.0,Yes
174,https://github.com/gaelj/BlazorCodeMirror6/issues/22,8.0,800.0,5.661111111111111,2.0,0.0,5.660833333333334,0.0,Yes
175,https://github.com/spedas/bleeding_edge/issues/137,5.0,758.0,133.32111111111112,1.0,1.0,133.32111111111112,0.0,Yes
176,https://github.com/kaist-cp/cs220/issues/327,3.0,121.0,21.128055555555555,2.0,3.0,21.127777777777776,0.0,Yes
177,https://github.com/koekeishiya/yabai/issues/2007,30.0,2440.0,3221.92,24.0,0.0,415.7938888888889,0.0,Yes
178,https://github.com/Gourieff/comfyui-reactor-node/issues/136,,,,,,,,Yes
179,https://github.com/mabel-dev/opteryx/issues/1361,0.0,0.0,1030.9130555555555,1.0,0.0,,0.0,Yes
180,https://github.com/Austingodson/Godson/issues/1,0.0,0.0,0.0,1.0,0.0,,0.0,No
181,https://github.com/fredrkl/tmux-conf/issues/2,0.0,0.0,0.0,1.0,1.0,,0.0,Yes
182,https://github.com/PaulRBerg/foundry-multibuild/issues/2,0.0,0.0,0.0,1.0,0.0,,0.0,Yes
183,https://github.com/x45dev/Python-Audio/issues/1,0.0,0.0,0.0,1.0,0.0,,0.0,Yes
184,https://github.com/grantjenks/django-rrweb/issues/6,0.0,0.0,0.0,1.0,0.0,,0.0,Yes
185,https://github.com/TomonoriSoejima/Tejun/issues/160,1.0,1.0,0.9675,1.0,0.0,,0.0,Yes
186,https://github.com/AndBible/and-bible/issues/3142,2.0,14.0,168.11055555555555,1.0,0.0,,0.0,No
187,https://github.com/skypilot-org/skypilot/issues/2992,3.0,41.0,316.1252777777778,3.0,0.0,,0.0,Yes
188,https://github.com/OneFolderApp/OneFolder/issues/59,2.0,38.0,261.1647222222222,1.0,1.0,,0.0,No
189,https://github.com/shinydevelopment/SimulatorStatusMagic/issues/123,6.0,252.0,2258.2069444444446,2.0,0.0,,0.0,No
190,https://github.com/meta-introspector/gbnf-nice-parser/issues/5,0.0,0.0,0.0,1.0,0.0,,0.0,No
191,https://github.com/Mickhat/FloBot/issues/79,,,,,,,,Yes
192,https://github.com/graphistry/pygraphistry/issues/537,0.0,0.0,0.0038888888888888888,1.0,1.0,,0.0,No
193,https://github.com/channainfo/commissioner/issues/1028,1.0,3.0,3191.5025,1.0,7.0,3191.5025,0.0,Yes
194,https://github.com/EDM115/unzip-bot/issues/267,4.0,412.0,10971.396666666667,1.0,1.0,10971.396111111111,0.0,No
195,https://github.com/systemd/systemd/issues/30804,9.0,1371.0,7640.116388888889,7.0,0.0,,0.0,Yes
196,https://github.com/davestewart/extension-bus/issues/5,0.0,0.0,13.424166666666666,1.0,0.0,,0.0,Yes
197,https://github.com/davestewart/extension-bus/issues/5,0.0,0.0,13.424166666666666,1.0,0.0,,0.0,Yes
198,https://github.com/davestewart/extension-bus/issues/5,0.0,0.0,13.424166666666666,1.0,0.0,,0.0,Yes
199,https://github.com/davestewart/extension-bus/issues/5,0.0,0.0,13.424166666666666,1.0,0.0,,0.0,Yes
200,https://github.com/roleoroleo/yi-hack-Allwinner-v2/issues/792,16.0,695.0,3107.5172222222222,4.0,0.0,3107.5172222222222,0.0,No
201,https://github.com/EloiStree/HelloWarcraftQAXR/issues/81,1.0,777.0,4.320555555555556,1.0,0.0,,0.0,No
202,https://github.com/rawkintrevo/qumat/issues/1,0.0,0.0,24.997222222222224,1.0,0.0,24.996944444444445,0.0,Yes
203,https://github.com/dev31sanghvi/HorizonTalk/issues/3,1.0,3.0,1965.0941666666668,1.0,0.0,1965.0941666666668,0.0,Yes
204,https://github.com/hrsh7th/msw-snapshot/issues/6,16.0,995.0,4.231388888888889,1.0,0.0,,0.0,Yes
205,https://github.com/hrsh7th/msw-snapshot/issues/6,16.0,995.0,4.231388888888889,1.0,0.0,,0.0,Yes
206,https://github.com/hrsh7th/msw-snapshot/issues/6,16.0,995.0,4.231388888888889,1.0,0.0,,0.0,Yes
207,https://github.com/hrsh7th/msw-snapshot/issues/6,16.0,995.0,4.231388888888889,1.0,0.0,,0.0,Yes
208,https://github.com/prcastro/zeroGL/issues/23,1.0,3.0,325.2994444444444,1.0,0.0,325.2991666666667,0.0,Yes
209,https://github.com/EqualifyEverything/equalify/issues/270,2.0,8.0,1486.9625,1.0,0.0,114.9825,0.0,Yes
210,https://github.com/5G-ERA/docs/issues/9,5.0,45.0,1126.046111111111,1.0,1.0,1126.046111111111,0.0,Yes
211,https://github.com/elsa-workflows/elsa-core/issues/4819,12.0,869.0,2815.6955555555555,3.0,0.0,,0.0,No
212,https://github.com/ondrejsika/kubernetes-training/issues/285,1.0,2.0,1.0105555555555557,1.0,0.0,1.0069444444444444,0.0,Yes
213,https://github.com/colorfulnotion/substrate-etl/issues/17,2.0,43.0,1652.2488888888888,2.0,0.0,1636.0869444444445,0.0,No
214,https://github.com/microsoft/inshellisense/issues/155,1.0,3.0,0.3491666666666667,1.0,0.0,0.3491666666666667,0.0,Yes
215,https://github.com/banodoco/Steerable-Motion/issues/31,2.0,20.0,14.606388888888889,2.0,0.0,14.433333333333334,0.0,Yes
216,https://github.com/DiogenesAnalytics/autoencoder/issues/29,1.0,3.0,7.999722222222222,1.0,1.0,7.999722222222222,0.0,Yes
217,https://github.com/SCCWRP/ASCI/issues/56,2.0,36.0,0.04,1.0,0.0,0.04,0.0,Yes
218,https://github.com/Gourieff/comfyui-reactor-node/issues/191,,,,,,,,Yes
219,https://github.com/jwjacobson/jazztunes/issues/140,5.0,114.0,394.92583333333334,2.0,2.0,394.92583333333334,0.0,Yes
220,https://github.com/kinode-dao/kit/issues/11,2.0,2.0,29.314166666666665,1.0,1.0,29.314166666666665,0.0,Yes
221,https://github.com/nodejs/node/issues/51482,2.0,96.0,334.99805555555554,2.0,0.0,334.99805555555554,16923.0,Yes
222,https://github.com/Agenta-AI/agenta/issues/1139,2.0,55.0,273.7522222222222,2.0,3.0,273.7522222222222,0.0,Yes
223,https://github.com/humanwhocodes/pledge/issues/5,3.0,138.0,5.4775,2.0,0.0,3.7683333333333335,0.0,Yes
224,https://github.com/stellar-amenities/hal-9100/issues/55,1.0,121.0,85.6511111111111,2.0,0.0,85.6511111111111,1184.0,Yes
225,https://github.com/jasonjmcghee/rem/issues/23,5.0,97.0,24.497222222222224,2.0,0.0,13.576944444444445,0.0,No
226,https://github.com/visit-dav/visit/issues/19235,13.0,420.0,477.8186111111111,4.0,1.0,477.8183333333333,2251.0,Yes
227,https://github.com/livingbio/typed-ffmpeg/issues/99,5.0,279.0,89.78722222222223,1.0,0.0,89.78722222222223,26718.0,Yes
228,https://github.com/NavidShokoufeh/sstp_flutter/issues/2,13.0,777.0,56.913333333333334,2.0,1.0,56.913333333333334,0.0,Yes
229,https://github.com/simonw/simonwillisonblog/issues/391,4.0,285.0,0.5775,1.0,0.0,0.5772222222222222,0.0,Yes
230,https://github.com/srcfl/srcful-gateway/issues/67,4.0,1132.0,47.06861111111111,2.0,0.0,47.06861111111111,0.0,No
231,https://github.com/lukashornych/evitalab/issues/96,,,,,,,,Yes
232,https://github.com/guevara/read-it-later/issues/10501,0.0,0.0,0.0,1.0,0.0,,0.0,No
233,https://github.com/dustinlyons/nixos-config/issues/37,11.0,1399.0,30.051944444444445,2.0,0.0,30.051944444444445,0.0,Yes
234,https://github.com/jasonacox/Powerwall-Dashboard/issues/420,8.0,714.0,116.51472222222222,3.0,0.0,116.51472222222222,0.0,No
235,https://github.com/jwjacobson/jazztunes/issues/180,23.0,1114.0,141.34944444444446,2.0,2.0,141.30694444444444,0.0,No
236,https://github.com/agile-learning-institute/mentorHub-mongodb/issues/35,30.0,6216.0,931.3786111111111,3.0,1.0,931.3786111111111,0.0,No
237,https://github.com/agile-learning-institute/mentorHub-mongodb/issues/35,30.0,6216.0,931.3786111111111,3.0,1.0,931.3786111111111,0.0,No
238,https://github.com/agile-learning-institute/mentorHub-mongodb/issues/35,30.0,6216.0,931.3786111111111,3.0,1.0,931.3786111111111,0.0,No
239,https://github.com/agile-learning-institute/mentorHub-mongodb/issues/35,30.0,6216.0,931.3786111111111,3.0,1.0,931.3786111111111,0.0,No
240,https://github.com/agile-learning-institute/mentorHub-mongodb/issues/35,30.0,6216.0,931.3786111111111,3.0,1.0,931.3786111111111,0.0,No
241,https://github.com/agile-learning-institute/mentorHub-mongodb/issues/35,30.0,6216.0,931.3786111111111,3.0,1.0,931.3786111111111,0.0,No
242,https://github.com/agile-learning-institute/mentorHub-mongodb/issues/35,30.0,6216.0,931.3786111111111,3.0,1.0,931.3786111111111,0.0,No
243,https://github.com/agile-learning-institute/mentorHub-mongodb/issues/35,30.0,6216.0,931.3786111111111,3.0,1.0,931.3786111111111,0.0,No
244,https://github.com/agile-learning-institute/mentorHub-mongodb/issues/35,30.0,6216.0,931.3786111111111,3.0,1.0,931.3786111111111,0.0,No
245,https://github.com/robotology/icub-models/issues/227,15.0,3572.0,1154.97,2.0,0.0,1154.643611111111,0.0,Yes
246,https://github.com/UB-Mannheim/FAIR-GPT/issues/2,1.0,13.0,16.0125,2.0,0.0,,0.0,No
247,https://github.com/UB-Mannheim/FAIR-GPT/issues/2,1.0,13.0,16.0125,2.0,0.0,,0.0,No
248,https://github.com/UB-Mannheim/FAIR-GPT/issues/2,1.0,13.0,16.0125,2.0,0.0,,0.0,No
249,https://github.com/UB-Mannheim/FAIR-GPT/issues/2,1.0,13.0,16.0125,2.0,0.0,,0.0,No
250,https://github.com/drew2323/v2trading/issues/130,0.0,0.0,0.0019444444444444444,1.0,0.0,,0.0,No
251,https://github.com/codedthinking/Kezdi.jl/issues/10,3.0,407.0,2135.9166666666665,1.0,1.0,2135.9166666666665,0.0,Yes
252,https://github.com/wgohome/dagaform/issues/4,,,,,,,,No
253,https://github.com/wgohome/dagaform/issues/4,,,,,,,,No
254,https://github.com/wgohome/dagaform/issues/4,,,,,,,,No
255,https://github.com/wgohome/dagaform/issues/4,,,,,,,,No
256,https://github.com/wgohome/dagaform/issues/4,,,,,,,,No
257,https://github.com/wgohome/dagaform/issues/4,,,,,,,,No
258,https://github.com/wgohome/dagaform/issues/4,,,,,,,,No
259,https://github.com/wgohome/dagaform/issues/4,,,,,,,,No
260,https://github.com/wgohome/dagaform/issues/4,,,,,,,,No
261,https://github.com/confluentinc/confluent-kafka-go/issues/1135,2.0,246.0,443.725,3.0,0.0,,0.0,Yes
262,https://github.com/jabrena/spring-boot-and-r-language/issues/37,0.0,0.0,16.868333333333332,1.0,0.0,,0.0,No
263,https://github.com/geraldb/talks/issues/5,0.0,0.0,0.0,1.0,0.0,,0.0,Yes
264,https://github.com/Tris20/FairFareFinder/issues/27,,,,,,,,Yes
265,https://github.com/chrisjpatty/flume/issues/237,0.0,0.0,0.0,1.0,0.0,,0.0,No
266,https://github.com/RTIInternational/crcsim/issues/14,1.0,6.0,8592.750555555556,1.0,1.0,8592.750555555556,0.0,Yes
267,https://github.com/nick1udwig/autocontext/issues/2,1.0,1.0,0.006944444444444444,1.0,0.0,,0.0,No
268,https://github.com/nick1udwig/autocontext/issues/1,1.0,1.0,0.015555555555555555,1.0,0.0,,0.0,No
269,https://github.com/sikalabs/slu/issues/235,0.0,0.0,3304.1297222222224,1.0,0.0,,0.0,No
270,https://github.com/ESPresense/ESPresense-companion/issues/567,5.0,290.0,4023.6277777777777,3.0,0.0,4023.6255555555554,0.0,Yes
271,https://github.com/luxonis/depthai-experiments/issues/520,1.0,33.0,0.5663888888888889,2.0,0.0,,0.0,Yes
272,https://github.com/3DStreet/3dstreet/issues/467,3.0,54.0,7699.006388888889,2.0,1.0,7699.006388888889,0.0,Yes
273,https://github.com/adamfoneil/LiteInvoice3/issues/3,,,,,,,,Yes
274,https://github.com/PLangHQ/plang/issues/19,0.0,0.0,296.4222222222222,1.0,0.0,,0.0,Yes
275,https://github.com/trancendering/ft_transcendence/issues/34,0.0,0.0,0.0,1.0,0.0,,0.0,Yes
276,https://github.com/open-truss/open-truss/issues/108,0.0,0.0,0.0002777777777777778,1.0,0.0,,0.0,Yes
277,https://github.com/langchain-ai/langchain/issues/16977,3.0,181.0,2618.070833333333,3.0,0.0,2618.0705555555555,0.0,Yes
278,https://github.com/royalsaltmerchant/markaml/issues/1,0.0,0.0,730.3061111111111,1.0,0.0,730.3061111111111,0.0,No
279,https://github.com/fmidue/logic-tasks/issues/116,1.0,3.0,576.8325,1.0,0.0,576.8322222222222,0.0,Yes
280,https://github.com/rust-lang/book/issues/3832,4.0,561.0,1468.5222222222221,3.0,0.0,1468.5219444444444,0.0,No
281,https://github.com/garethgeorge/backrest/issues/92,20.0,2642.0,10707.398333333333,4.0,0.0,,0.0,Yes
282,https://github.com/jabrena/spring-boot-and-r-language/issues/16,0.0,0.0,73.42694444444444,1.0,0.0,73.42694444444444,0.0,No
283,https://github.com/diffplug/selfie-python-wip/issues/6,1.0,2.0,164.84805555555556,1.0,1.0,164.8047222222222,0.0,Yes
284,https://github.com/tester4223/birthday-v2-sandbox/issues/7,1.0,6.0,669.8005555555555,1.0,0.0,669.8005555555555,0.0,Yes
285,https://github.com/treehouses/cli/issues/2289,0.0,0.0,43.115833333333335,1.0,0.0,43.115833333333335,186.0,Yes
286,https://github.com/nishiki-tech/nishiki-frontend/issues/258,1.0,21.0,119.64027777777778,1.0,1.0,119.64027777777778,0.0,Yes
287,https://github.com/jabrena/spring-boot-and-r-language/issues/34,2.0,2.0,2.411388888888889,1.0,0.0,2.411388888888889,0.0,Yes
288,https://github.com/ubiquity/ubiquibot-kernel/issues/22,5.0,322.0,59.06,3.0,0.0,32.528888888888886,0.0,Yes
289,https://github.com/GaloyMoney/galoy/issues/3979,12.0,1335.0,1722.2102777777777,5.0,1.0,1722.21,0.0,Yes
290,https://github.com/OpenTalker/video-retalking/issues/202,8.0,742.0,6718.827777777778,7.0,0.0,,0.0,No
291,https://github.com/skypilot-org/skypilot/issues/3152,0.0,0.0,29.063333333333333,1.0,0.0,29.063333333333333,777.0,Yes
292,https://github.com/mhmadalaa/bookipedia/issues/26,5.0,303.0,43.8325,1.0,0.0,43.79472222222222,0.0,Yes
293,https://github.com/jhu-bids/TermHub/issues/696,2.0,54.0,183.9125,1.0,2.0,183.9125,2873.0,Yes
294,https://github.com/rui314/mold/issues/1185,1.0,26.0,2.4991666666666665,2.0,0.0,2.4991666666666665,0.0,Yes
295,https://github.com/RamonUnch/AltSnap/issues/511,20.0,1910.0,1924.901111111111,4.0,0.0,1057.0916666666667,174.0,Yes
296,https://github.com/CodeForPittsburgh/law-reading-robot/issues/39,4.0,99.0,119.49972222222222,1.0,0.0,119.49972222222222,0.0,Yes
297,https://github.com/Intensifiesx/2DRogueLikeUnityGame/issues/81,1.0,287.0,0.08805555555555555,1.0,1.0,0.08777777777777777,0.0,Yes
298,https://github.com/ElementsProject/lightning/issues/7092,9.0,281.0,397.47222222222223,4.0,1.0,397.47222222222223,1004.0,Yes
299,https://github.com/simonw/til/issues/88,7.0,166.0,24.88361111111111,1.0,0.0,24.883333333333333,0.0,Yes
300,https://github.com/ggerganov/llama.cpp/issues/5304,4.0,314.0,394.6719444444444,2.0,0.0,394.6719444444444,0.0,Yes
301,https://github.com/vllm-project/vllm/issues/2720,5.0,579.0,8023.3325,4.0,0.0,51.841944444444444,0.0,Yes
302,https://github.com/sabrogden/Ditto/issues/611,7.0,1787.0,369.6402777777778,2.0,0.0,,0.0,Yes
303,https://github.com/ubiquity/cloudflare-deploy-action/issues/1,,,,,,,,Yes
304,https://github.com/stefan-jansen/machine-learning-for-trading/issues/317,4.0,445.0,49.844722222222224,1.0,0.0,49.844722222222224,0.0,Yes
305,https://github.com/andrewleech/ha_magiqtouch/issues/19,30.0,2905.0,8990.362222222222,7.0,0.0,,0.0,Yes
306,https://github.com/Qolors/FeedCord/issues/13,2.0,22.0,18.62472222222222,2.0,0.0,0.19277777777777777,0.0,Yes
307,https://github.com/eknwoye/AutomationLogic_Test/issues/1,0.0,0.0,0.0,1.0,0.0,,0.0,No
308,https://github.com/g12-4soat/techlanches-lambda-auth/issues/4,0.0,0.0,0.0,1.0,0.0,,0.0,No
309,https://github.com/sCrypt-Inc/boilerplate/issues/323,0.0,0.0,0.01638888888888889,1.0,1.0,,0.0,Yes
310,https://github.com/nemisj/git-removed-branches/issues/14,1.0,8.0,3521.3172222222224,2.0,0.0,3521.3172222222224,0.0,No
311,https://github.com/PLangHQ/plang/issues/22,0.0,0.0,3209.7066666666665,1.0,0.0,,0.0,Yes
312,https://github.com/HerobrineTV/SMM1-Level-Downloader/issues/29,0.0,0.0,714.5325,1.0,1.0,714.5325,0.0,Yes
313,https://github.com/DiogenesAnalytics/parley/issues/20,0.0,0.0,0.0,1.0,0.0,,0.0,Yes
314,https://github.com/turulomio/django_moneymoney/issues/69,1.0,1.0,58.53638888888889,1.0,0.0,,0.0,No
315,https://github.com/midnight-animals/midnight-sahel-knowledge/issues/13,2.0,37.0,48.33222222222222,2.0,0.0,,0.0,Yes
316,https://github.com/breatheco-de/breatheco-de/issues/7082,1.0,15.0,1169.3466666666666,2.0,1.0,1169.3466666666666,0.0,No
317,https://github.com/Green-Kittens/bathroom-finder-frontend/issues/14,3.0,24.0,716.5761111111111,1.0,1.0,716.5758333333333,0.0,Yes
318,https://github.com/V-FOR-VEND3TTA/hacker-news-clone/issues/10,1.0,9.0,0.21444444444444444,1.0,1.0,,0.0,Yes
319,https://github.com/MayamaTakeshi/sip-lab/issues/92,,,,,,,,Yes
320,https://github.com/EzekielEnns/Configs/issues/17,2.0,71.0,22.522777777777776,1.0,0.0,,0.0,No
321,https://github.com/iggy-rs/iggy-python-client/issues/8,5.0,125.0,8723.268333333333,4.0,0.0,8723.268333333333,0.0,No
322,https://github.com/ObjectVision/GeoDMS/issues/684,8.0,488.0,4510.0075,2.0,1.0,4510.0075,0.0,Yes
323,https://github.com/WordPress/wordpress-playground/issues/1096,3.0,168.0,28.468333333333334,2.0,0.0,,0.0,Yes
324,https://github.com/pixeltris/YgoMaster/issues/344,1.0,35.0,3913.2391666666667,2.0,0.0,3913.238888888889,0.0,Yes
325,https://github.com/Yuri-SVB/Great_Wall/issues/50,4.0,808.0,1250.8238888888889,3.0,0.0,,0.0,No
326,https://github.com/baker-laboratory/RoseTTAFold-All-Atom/issues/8,6.0,215.0,120.4025,5.0,0.0,,0.0,No
327,https://github.com/OpenTalker/SadTalker/issues/821,1.0,14.0,45.77305555555556,2.0,0.0,,0.0,No
328,https://github.com/meshtastic/meshtastic/issues/1131,2.0,31.0,199.1461111111111,2.0,0.0,199.1461111111111,0.0,No
329,https://github.com/DiogenesAnalytics/parley/issues/21,2.0,28.0,86.34055555555555,1.0,1.0,86.34055555555555,0.0,Yes
330,https://github.com/TolimanSpace/toliman-flake/issues/2,13.0,591.0,118.84555555555555,3.0,2.0,,0.0,Yes
331,https://github.com/launchdarkly/dotnet-server-sdk/issues/185,,,,,,,,Yes
332,https://github.com/ObjectVision/GeoDMS/issues/671,5.0,40.0,520.3180555555556,3.0,2.0,520.3177777777778,0.0,Yes
333,https://github.com/datasette/datasette-paste/issues/6,3.0,84.0,0.12444444444444444,1.0,0.0,0.12444444444444444,0.0,Yes
334,https://github.com/Aligary/CS472_Group1/issues/82,1.0,1.0,0.18416666666666667,1.0,1.0,0.09472222222222222,0.0,Yes
335,https://github.com/ianand/spreadsheets-are-all-you-need/issues/6,12.0,789.0,6642.567777777777,6.0,0.0,,0.0,No
336,https://github.com/39otsu/cs472-group4/issues/72,1.0,1.0,0.09972222222222223,1.0,1.0,0.09944444444444445,450.0,Yes
337,https://github.com/OpenAdaptAI/OpenAdapt/issues/570,5.0,724.0,571.0686111111111,2.0,1.0,,0.0,Yes
338,https://github.com/moses-palmer/pynput/issues/588,6.0,1067.0,3003.6919444444443,3.0,0.0,,0.0,Yes
339,https://github.com/darklang/dark/issues/5314,3.0,313.0,386.4513888888889,1.0,1.0,386.4513888888889,0.0,Yes
340,https://github.com/Police-Data-Accessibility-Project/data-source-identification/issues/43,14.0,1817.0,10074.399166666666,4.0,0.0,,0.0,Yes
341,https://github.com/obsidian-tasks-group/obsidian-tasks/issues/2693,10.0,552.0,80.05944444444444,2.0,0.0,23.55472222222222,47.0,Yes
342,https://github.com/rqlite/helm-charts/issues/20,19.0,1911.0,74.2311111111111,3.0,0.0,74.2311111111111,0.0,Yes
343,https://github.com/remix-run/remix/issues/8898,1.0,501.0,17.18777777777778,2.0,0.0,17.18777777777778,42.0,Yes
344,https://github.com/bloomberg/bde/issues/296,3.0,336.0,194.79083333333332,3.0,0.0,187.04694444444445,0.0,No
345,https://github.com/jtroo/kanata/issues/792,11.0,1961.0,51.22083333333333,3.0,0.0,43.88472222222222,10.0,No
346,https://github.com/stakevrun/frontend/issues/87,0.0,0.0,2712.342222222222,1.0,0.0,,0.0,Yes
347,https://github.com/simonw/shot-scraper/issues/147,3.0,172.0,0.17944444444444443,1.0,0.0,,0.0,Yes
348,https://github.com/JCKalt/General-Work/issues/130,2.0,42.0,0.8169444444444445,1.0,0.0,,0.0,Yes
349,https://github.com/bra1nDump/show-me-chatgpt-plugin/issues/54,1.0,8.0,19.49138888888889,2.0,0.0,,0.0,No
350,https://github.com/VU-Code-For-Good/farmersmarkets-for-all/issues/82,0.0,0.0,0.0,1.0,0.0,,0.0,No
351,https://github.com/sadevana/best-to-do-ever/issues/31,3.0,36.0,187.56333333333333,1.0,1.0,,0.0,Yes
352,https://github.com/corbin-hayden13/SD-Prompt-Enhancer/issues/29,2.0,36.0,1420.3497222222222,3.0,0.0,,0.0,No
353,https://github.com/sleuthkit/sleuthkit/issues/2872,0.0,0.0,0.0,1.0,0.0,,0.0,No
354,https://github.com/Shreya-R-Dixit-Memorial-Foundation/EyeDaV2/issues/7,0.0,0.0,93.55972222222222,1.0,1.0,,0.0,Yes
355,https://github.com/Bootstrap-Academy/Bootstrap-Academy/issues/46,2.0,110.0,7822.135,2.0,0.0,,0.0,Yes
356,https://github.com/ArtLabss/tennis-tracking/issues/31,3.0,48.0,6377.633611111111,3.0,0.0,,0.0,No
357,https://github.com/mpoon/gpt-repository-loader/issues/40,5.0,210.0,14857.520277777778,5.0,0.0,14857.520277777778,0.0,Yes
358,https://github.com/icecube/pisa/issues/54,2.0,52.0,68591.41527777778,2.0,1.0,68591.415,174.0,Yes
359,https://github.com/openactive/dataset-utils/issues/2,1.0,3.0,679.0991666666666,1.0,1.0,679.0991666666666,95.0,Yes
360,https://github.com/SuffolkLITLab/docassemble-ALToolbox/issues/121,3.0,51.0,10847.568888888889,1.0,0.0,,0.0,Yes
361,https://github.com/runt1me/stormcloud/issues/29,2.0,114.0,16253.083888888888,2.0,0.0,,0.0,No
362,https://github.com/oven-sh/bun/issues/3745,4.0,96.0,5.433333333333334,2.0,0.0,,0.0,No
363,https://github.com/zkSNACKs/WalletWasabi/issues/11287,9.0,320.0,10244.334444444445,5.0,1.0,10244.334444444445,306.0,Yes
364,https://github.com/orhun/daktilo/issues/29,2.0,62.0,357.4194444444444,2.0,0.0,66.23611111111111,0.0,No
365,https://github.com/TryQuiet/quiet/issues/540,17.0,488.0,25319.6425,6.0,2.0,25319.64222222222,11.0,Yes
366,https://github.com/MatrixAI/js-quic/issues/24,8.0,335.0,3644.275833333333,1.0,1.0,3643.3525,19887.0,Yes
367,https://github.com/jaredhanson/passport-oauth2/issues/176,0.0,0.0,319.88194444444446,1.0,0.0,,0.0,No
368,https://github.com/Quran-Journey/backend/issues/124,1.0,19.0,12770.801666666666,1.0,1.0,12770.801666666666,0.0,Yes
369,https://github.com/patchthecode/JTAppleCalendar/issues/1297,11.0,322.0,34299.365,9.0,1.0,,0.0,No
370,https://github.com/fireproof-storage/fireproof/issues/21,5.0,58.0,429.9866666666667,2.0,0.0,429.9863888888889,1970.0,Yes
371,https://github.com/joelouthan/Theologicus/issues/114,8.0,285.0,14007.534722222223,1.0,1.0,14007.534722222223,0.0,No
372,https://github.com/simonw/llm/issues/246,6.0,454.0,112.505,1.0,0.0,,0.0,Yes
373,https://github.com/simonw/sqlite-chronicle/issues/2,16.0,1061.0,448.2158333333333,1.0,0.0,,0.0,Yes
374,https://github.com/simonw/sqlite-chronicle/issues/2,16.0,1061.0,448.2158333333333,1.0,0.0,,0.0,Yes
375,https://github.com/simonw/sqlite-chronicle/issues/2,16.0,1061.0,448.2158333333333,1.0,0.0,,0.0,Yes
376,https://github.com/simonw/sqlite-chronicle/issues/2,16.0,1061.0,448.2158333333333,1.0,0.0,,0.0,Yes
377,https://github.com/MatrixAI/js-quic/issues/54,2.0,103.0,7750.857777777778,1.0,0.0,,0.0,Yes
378,https://github.com/deep-foundation/deeplinks/issues/47,1.0,256.0,11355.020277777778,1.0,1.0,,0.0,No
379,https://github.com/deep-foundation/deeplinks/issues/41,1.0,310.0,11636.734166666667,2.0,1.0,,0.0,No
380,https://github.com/deep-foundation/deeplinks/issues/15,2.0,280.0,14878.68861111111,1.0,0.0,,0.0,No
381,https://github.com/kaist-cp/cs220/issues/273,1.0,22.0,11.739166666666666,2.0,1.0,11.739166666666666,0.0,Yes
382,https://github.com/simonw/symbex/issues/40,5.0,105.0,1.5052777777777777,1.0,0.0,1.2038888888888888,0.0,Yes
383,https://github.com/MatrixAI/Polykey/issues/536,2.0,73.0,9241.005833333333,2.0,0.0,,0.0,Yes
384,https://github.com/SkalskiP/awesome-chatgpt-code-interpreter-experiments/issues/7,6.0,391.0,18.724722222222223,2.0,0.0,,0.0,No
385,https://github.com/christofmuc/KnobKraft-orm/issues/73,30.0,8378.0,36167.961388888885,3.0,0.0,,0.0,No
386,https://github.com/deep-foundation/deeplinks/issues/2,1.0,349.0,22224.64,2.0,0.0,,0.0,No
387,https://github.com/AnKing-VIP/AnKing-Note-Types/issues/148,24.0,1010.0,604.2627777777777,4.0,1.0,159.9388888888889,148.0,Yes
388,https://github.com/odoo/odoo/issues/126140,1.0,139.0,87.49555555555555,1.0,0.0,,0.0,Yes
389,https://github.com/andrew-delph/cloud-video-call/issues/465,1.0,1.0,96.38083333333333,1.0,0.0,96.38083333333333,0.0,Yes
390,https://github.com/TechNickAI/AICodeBot/issues/4,2.0,6.0,361.13416666666666,1.0,1.0,361.13416666666666,0.0,Yes
391,https://github.com/simonhamp/laravel-nova-csv-import/issues/70,3.0,122.0,26.283333333333335,2.0,0.0,24.41,0.0,Yes
392,https://github.com/webtorrent/webtorrent/issues/2536,3.0,36.0,15505.95638888889,3.0,0.0,1632.943888888889,0.0,No
393,https://github.com/openactive/developer-documentation/issues/59,3.0,130.0,219.9427777777778,2.0,1.0,219.925,0.0,Yes
394,https://github.com/The-Poolz/EthSmartContractIO/issues/63,2.0,34.0,40.62138888888889,2.0,1.0,40.62138888888889,0.0,Yes
395,https://github.com/Macaulay2/homebrew-tap/issues/163,5.0,463.0,5267.463055555556,2.0,0.0,,0.0,No
396,https://github.com/ddanielsantos/astro-deck/issues/18,7.0,73.0,372.5061111111111,1.0,0.0,372.5061111111111,211.0,No
397,https://github.com/openziti/ziti/issues/911,8.0,557.0,7390.931111111111,2.0,1.0,7390.931111111111,1772.0,Yes
398,https://github.com/openziti/ziti/issues/911,8.0,557.0,7390.931111111111,2.0,1.0,7390.931111111111,1772.0,Yes
399,https://github.com/openziti/ziti/issues/911,8.0,557.0,7390.931111111111,2.0,1.0,7390.931111111111,1772.0,Yes
400,https://github.com/openziti/ziti/issues/911,8.0,557.0,7390.931111111111,2.0,1.0,7390.931111111111,1772.0,Yes
401,https://github.com/axjasf/YNAB-Categorizer/issues/16,7.0,187.0,74.34333333333333,1.0,1.0,74.34333333333333,0.0,Yes
402,https://github.com/kaist-cp/cs220/issues/254,6.0,819.0,1.2975,3.0,3.0,1.255,0.0,Yes
403,https://github.com/nyx-space/anise/issues/35,2.0,129.0,7340.713055555556,1.0,2.0,7340.712777777778,2471.0,Yes
404,https://github.com/ubiquity/ubiquibot/issues/809,20.0,668.0,4.036388888888889,4.0,1.0,1.8286111111111112,7.0,Yes
405,https://github.com/ubiquity/ubiquibot/issues/809,20.0,668.0,4.036388888888889,4.0,1.0,1.8286111111111112,7.0,Yes
406,https://github.com/nuhmanpk/Webtrench/issues/10,2.0,23.0,3599.532777777778,2.0,0.0,3599.532777777778,0.0,Yes
407,https://github.com/simonw/datasette.io/issues/145,5.0,58.0,1.3594444444444445,1.0,0.0,0.47305555555555556,0.0,Yes
408,https://github.com/Sync-Space-49/syncspace-server/issues/3,7.0,305.0,243.75666666666666,1.0,2.0,243.75666666666666,0.0,Yes
409,https://github.com/AerithForge/AerithForge/issues/11,9.0,3961.0,40.11611111111111,3.0,1.0,,0.0,No
410,https://github.com/mprib/pyxy3d/issues/439,0.0,0.0,47.485,1.0,0.0,47.485,0.0,Yes
411,https://github.com/simonw/symbex/issues/19,2.0,123.0,0.4033333333333333,1.0,0.0,0.4033333333333333,0.0,Yes
412,https://github.com/erikengervall/fast-find-in-files/issues/1,5.0,172.0,32124.52361111111,2.0,0.0,32123.025,203.0,Yes
413,https://github.com/Elucidation/AirportMileageCalculator/issues/1,1.0,3.0,136.15527777777777,1.0,1.0,136.15527777777777,0.0,Yes
414,https://github.com/andrew-delph/cloud-video-call/issues/356,10.0,73.0,78.63111111111111,1.0,0.0,78.63111111111111,0.0,Yes
415,https://github.com/MatrixAI/js-db/issues/5,13.0,1246.0,25168.038055555557,1.0,0.0,,0.0,Yes
416,https://github.com/MatrixAI/Polykey/issues/148,21.0,1981.0,21154.64138888889,3.0,1.0,21141.22388888889,2492.0,No
417,https://github.com/dobbelina/repository.dobbelina/issues/407,30.0,1686.0,37814.419444444444,12.0,0.0,,0.0,Yes
418,https://github.com/omegaui/linux-voice-control/issues/13,7.0,1040.0,1080.2216666666666,3.0,0.0,1080.2216666666666,0.0,Yes
419,https://github.com/davidusb-geek/emhass/issues/82,14.0,355.0,1111.0341666666666,3.0,0.0,1111.0055555555555,6.0,Yes
420,https://github.com/MatrixAI/js-ws/issues/2,10.0,2076.0,9156.174722222222,3.0,1.0,1155.5927777777779,9779.0,No
421,https://github.com/nv-morpheus/Morpheus/issues/1210,8.0,1349.0,28.788611111111113,3.0,0.0,27.700277777777778,0.0,No
422,https://github.com/MatrixAI/Polykey/issues/526,9.0,3402.0,13079.68888888889,2.0,0.0,,0.0,Yes
423,https://github.com/MatrixAI/js-ws/issues/3,,,,,,,,Yes
424,https://github.com/simonw/symbex/issues/18,10.0,495.0,1.5994444444444444,2.0,0.0,1.4933333333333334,0.0,Yes
425,https://github.com/AntonOsika/gpt-engineer/issues/294,11.0,1098.0,2043.7605555555556,8.0,0.0,2043.7602777777777,0.0,No
426,https://github.com/TryQuiet/quiet/issues/836,30.0,2711.0,8680.678333333333,5.0,1.0,8680.678333333333,0.0,No
427,https://github.com/pedroslopez/whatsapp-web.js/issues/2386,30.0,1670.0,493.7961111111111,10.0,0.0,11.672222222222222,0.0,No
428,https://github.com/MatrixAI/js-rpc/issues/2,,,,,,,,Yes
429,https://github.com/orkestral/venom/issues/2435,30.0,3056.0,42.14611111111111,11.0,0.0,39.95583333333333,0.0,No
430,https://github.com/MatrixAI/js-mdns/issues/1,,,,,,,,Yes
431,https://github.com/microsoft/TypeScript/issues/13219,30.0,3784.0,60169.50277777778,6.0,0.0,55246.278333333335,0.0,Yes
432,https://github.com/jabrena/spring-boot-user-beans/issues/119,1.0,3.0,113.02388888888889,1.0,0.0,113.02361111111111,0.0,Yes
433,https://github.com/jabrena/spring-boot-user-beans/issues/119,1.0,3.0,113.02388888888889,1.0,0.0,113.02361111111111,0.0,Yes
434,https://github.com/joelouthan/Theologicus/issues/122,1.0,48.0,24.369444444444444,1.0,1.0,24.369444444444444,0.0,Yes
435,https://github.com/FahimMontasir/english-sphere/issues/48,0.0,0.0,378.1188888888889,1.0,1.0,378.1188888888889,0.0,Yes
436,https://github.com/neilenns/react-access-code-map/issues/5,2.0,29.0,123.59166666666667,1.0,0.0,123.59166666666667,0.0,No
437,https://github.com/nbd-wtf/nostr-tools/issues/261,2.0,7.0,0.5058333333333334,2.0,0.0,0.2763888888888889,0.0,Yes
438,https://github.com/The-Poolz/Acl.Net.Core/issues/20,0.0,0.0,2.7019444444444445,1.0,1.0,2.7019444444444445,0.0,Yes
439,https://github.com/CronCats/croncat-rs/issues/134,3.0,59.0,679.1938888888889,1.0,0.0,679.1936111111111,4.0,Yes
440,https://github.com/epicweb-dev/epic-stack/issues/248,1.0,65.0,51.91138888888889,2.0,0.0,51.91138888888889,0.0,Yes
441,https://github.com/dantebarba/docker-rclone/issues/1,1.0,3.0,130.44166666666666,1.0,1.0,130.44166666666666,18.0,Yes
442,https://github.com/simonw/sqlite-utils/issues/563,1.0,8.0,0.35194444444444445,1.0,0.0,0.315,0.0,Yes
443,https://github.com/joaogdfaero/CargoMatch/issues/15,2.0,7.0,96.38444444444444,1.0,1.0,96.38444444444444,12.0,Yes
444,https://github.com/thisismydesign/easy_logging/issues/12,1.0,27.0,103.0175,2.0,0.0,103.01722222222222,0.0,Yes
445,https://github.com/kamilwylegala/cakephp2-php8/issues/45,3.0,56.0,37.71388888888889,3.0,0.0,37.71388888888889,0.0,Yes
446,https://github.com/AndyGrant/OpenBench/issues/149,0.0,0.0,24.964444444444446,1.0,0.0,24.964444444444446,0.0,Yes
447,https://github.com/Elucidation/mapf-multiagent-robot-planning/issues/118,1.0,6.0,62.77194444444444,1.0,0.0,62.77194444444444,0.0,Yes
448,https://github.com/jku-vds-lab/loops/issues/29,2.0,224.0,50.33833333333333,1.0,0.0,50.33833333333333,198.0,Yes
449,https://github.com/dobbelina/repository.dobbelina/issues/1133,4.0,260.0,401.70166666666665,2.0,0.0,401.70166666666665,0.0,No
450,https://github.com/CakeCrusher/openplugin/issues/15,0.0,0.0,302.34777777777776,1.0,0.0,302.3475,0.0,Yes
451,https://github.com/soykilian/webserv/issues/25,1.0,1.0,40.70527777777778,2.0,1.0,40.70527777777778,0.0,Yes
452,https://github.com/calcom/cal.com/issues/10030,3.0,137.0,3.733888888888889,2.0,0.0,3.5233333333333334,0.0,Yes
453,https://github.com/simonw/datasette-render-markdown/issues/14,10.0,480.0,1.3286111111111112,1.0,0.0,0.7975,0.0,Yes
454,https://github.com/purpleslurple/PurpleSlurple/issues/63,0.0,0.0,0.0,1.0,0.0,,0.0,No
455,https://github.com/celestiaorg/knuu/issues/170,0.0,0.0,7914.653611111111,1.0,1.0,6194.1775,1180.0,Yes
456,https://github.com/Bisllly/demo-oxford-dictionary-test-rework/issues/1,0.0,0.0,0.0,1.0,0.0,,0.0,No
457,https://github.com/santosomar/chatgpt-programming-prompts/issues/2,1.0,5.0,0.6919444444444445,1.0,1.0,,0.0,No
458,https://github.com/ubiquity/research/issues/57,0.0,0.0,15.795277777777779,1.0,0.0,,0.0,No
459,https://github.com/santosomar/chatgpt-programming-prompts/issues/1,3.0,848.0,0.2961111111111111,1.0,1.0,,0.0,Yes
460,https://github.com/deep-foundation/js-docker-isolation-provider/issues/15,8.0,293.0,5373.887222222223,2.0,0.0,,0.0,No
461,https://github.com/deep-foundation/js-docker-isolation-provider/issues/15,8.0,293.0,5373.887222222223,2.0,0.0,,0.0,No
462,https://github.com/deep-foundation/js-docker-isolation-provider/issues/15,8.0,293.0,5373.887222222223,2.0,0.0,,0.0,No
463,https://github.com/deep-foundation/js-docker-isolation-provider/issues/15,8.0,293.0,5373.887222222223,2.0,0.0,,0.0,No
464,https://github.com/OpenAccess-AI-Collective/axolotl/issues/421,2.0,31.0,15109.920833333334,3.0,0.0,15109.920555555556,0.0,Yes
465,https://github.com/CakeCrusher/openplugin/issues/25,0.0,0.0,0.0,1.0,0.0,,0.0,Yes
466,https://github.com/slark-prime/Context-Enhanced-Question-Answering/issues/25,2.0,26.0,41.13527777777778,1.0,0.0,,0.0,No
467,https://github.com/Xenon2k7/dlr23/issues/2,5.0,26.0,0.2644444444444444,2.0,2.0,,0.0,Yes
468,https://github.com/microsoft/TypeChat/issues/79,0.0,0.0,0.0,1.0,0.0,,0.0,No
469,https://github.com/zcash/lightwalletd/issues/450,8.0,297.0,9545.020277777778,5.0,0.0,,0.0,Yes
470,https://github.com/RudjiGames/MTuner/issues/98,4.0,190.0,2805.2302777777777,3.0,0.0,,0.0,No
471,https://github.com/lcompilers/lpython/issues/2276,7.0,512.0,26.059444444444445,3.0,0.0,,0.0,Yes
472,https://github.com/posix4e/puppet/issues/35,6.0,254.0,488.3908333333333,4.0,0.0,,0.0,Yes
473,https://github.com/meta-llama/llama/issues/639,0.0,0.0,693.1788888888889,1.0,0.0,,0.0,No
474,https://github.com/meta-llama/llama/issues/639,0.0,0.0,693.1788888888889,1.0,0.0,,0.0,No
475,https://github.com/meta-llama/llama/issues/639,0.0,0.0,693.1788888888889,1.0,0.0,,0.0,No
476,https://github.com/meta-llama/llama/issues/639,0.0,0.0,693.1788888888889,1.0,0.0,,0.0,No
477,https://github.com/Matejkob/swift-syntax/issues/2,0.0,0.0,4641.548333333333,1.0,0.0,4641.548333333333,0.0,Yes
478,https://github.com/KnightTec/mlmi-project/issues/18,0.0,0.0,1161.9677777777779,1.0,1.0,,0.0,Yes
479,https://github.com/prosthetichead/GarlicPress/issues/48,5.0,216.0,4918.77,3.0,1.0,114.15444444444445,0.0,Yes
480,https://github.com/autorope/donkeycar/issues/1141,24.0,1467.0,20.093611111111112,5.0,0.0,,0.0,No
481,https://github.com/ICESat2-SlideRule/sliderule-prov-sys/issues/105,2.0,6.0,1512.3747222222223,1.0,1.0,1512.3744444444444,0.0,Yes
482,https://github.com/UIUC-Chatbot/ai-ta-backend/issues/57,1.0,3.0,668.6875,1.0,1.0,668.6872222222222,0.0,Yes
483,https://github.com/jabrena/servlet-archaeology/issues/19,2.0,5.0,281.41083333333336,1.0,0.0,281.41083333333336,0.0,Yes
484,https://github.com/tisztamo/Junior/issues/58,1.0,9.0,719.5258333333334,1.0,0.0,719.5258333333334,0.0,Yes
485,https://github.com/The-Poolz/EthSmartContractIO/issues/136,1.0,11.0,6.198888888888889,1.0,0.0,6.198888888888889,0.0,Yes
486,https://github.com/airbytehq/airbyte/issues/29709,1.0,7.0,580.9236111111111,1.0,1.0,580.9236111111111,0.0,Yes
487,https://github.com/Agenta-AI/agenta/issues/273,7.0,104.0,480.1797222222222,2.0,1.0,480.1797222222222,51.0,Yes
488,https://github.com/joaogdfaero/CargoMatch/issues/45,2.0,19.0,635.745,1.0,1.0,635.745,0.0,Yes
489,https://github.com/swc-project/swc/issues/7754,15.0,328.0,1292.6875,4.0,1.0,125.25444444444445,5264.0,No
490,https://github.com/swc-project/swc/issues/7754,15.0,328.0,1292.6875,4.0,1.0,125.25444444444445,5264.0,No
491,https://github.com/swc-project/swc/issues/7754,15.0,328.0,1292.6875,4.0,1.0,125.25444444444445,5264.0,No
492,https://github.com/swc-project/swc/issues/7754,15.0,328.0,1292.6875,4.0,1.0,125.25444444444445,5264.0,No
493,https://github.com/microsoft/azure_arc/issues/2051,3.0,72.0,524.1677777777778,4.0,1.0,524.1677777777778,0.0,Yes
494,https://github.com/hackforla/website/issues/5219,7.0,962.0,4396.053888888889,3.0,1.0,906.7144444444444,0.0,Yes
495,https://github.com/adamfoneil/Ensync/issues/5,1.0,2.0,133.9363888888889,1.0,0.0,133.9363888888889,0.0,Yes
496,https://github.com/IfcOpenShell/IfcOpenShell/issues/3609,2.0,44.0,15.324722222222222,2.0,1.0,15.304166666666667,0.0,Yes
497,https://github.com/purpleslurple/PurpleSlurple/issues/68,5.0,180.0,95.41583333333334,1.0,0.0,95.41583333333334,0.0,Yes
498,https://github.com/purpleslurple/PurpleSlurple/issues/68,5.0,180.0,95.41583333333334,1.0,0.0,95.41583333333334,0.0,No
499,https://github.com/purpleslurple/PurpleSlurple/issues/68,5.0,180.0,95.41583333333334,1.0,0.0,95.41583333333334,0.0,Yes
500,https://github.com/purpleslurple/PurpleSlurple/issues/68,5.0,180.0,95.41583333333334,1.0,0.0,95.41583333333334,0.0,No
501,https://github.com/tisztamo/Junior/issues/66,0.0,0.0,164.54194444444445,1.0,0.0,164.54194444444445,0.0,Yes
502,https://github.com/OpenPluginACI/openplugin-api/issues/1,1.0,1.0,22.58361111111111,1.0,0.0,22.583333333333332,51.0,Yes
503,https://github.com/derpierre65/BetterStreamChat/issues/22,1.0,4.0,7.075277777777778,1.0,0.0,7.075277777777778,12.0,Yes
504,https://github.com/Cerlancism/chatgpt-subtitle-translator/issues/5,2.0,62.0,59.806111111111115,2.0,0.0,59.806111111111115,0.0,Yes
505,https://github.com/CakeCrusher/openplugin/issues/19,1.0,3.0,46.73222222222222,1.0,0.0,46.73222222222222,46.0,Yes
506,https://github.com/codegouvfr/sill-api/issues/5,9.0,698.0,2299.445,3.0,0.0,2256.6975,0.0,Yes
507,https://github.com/tisztamo/Junior/issues/35,3.0,76.0,3.549166666666667,2.0,0.0,3.549166666666667,120.0,Yes
508,https://github.com/inertiajs/inertia/issues/1645,2.0,177.0,42.524166666666666,2.0,0.0,42.524166666666666,0.0,Yes
509,https://github.com/damus-io/damus/issues/1407,5.0,83.0,93.65,2.0,1.0,93.395,0.0,Yes
510,https://github.com/Fredkiss3/gh-next/issues/14,0.0,0.0,3.0125,1.0,1.0,3.0125,536.0,Yes
511,https://github.com/neilenns/vatsim-plan-verifier/issues/492,5.0,113.0,46.34861111111111,1.0,1.0,46.34861111111111,1565.0,Yes
512,https://github.com/simonw/simonw-readthedocs-experiments/issues/2,6.0,247.0,0.3413888888888889,1.0,0.0,0.3413888888888889,0.0,No
513,https://github.com/CraneSoftwrights/board-baseball/issues/109,0.0,0.0,4.429722222222222,1.0,0.0,4.429722222222222,0.0,Yes
514,https://github.com/tomcl/issie/issues/348,8.0,432.0,1201.4380555555556,2.0,1.0,1201.4377777777777,2.0,No
515,https://github.com/open-spaced-repetition/fsrs-rs/issues/21,3.0,278.0,64.81555555555556,2.0,0.0,64.81555555555556,581.0,Yes
516,https://github.com/continuedev/continue/issues/359,1.0,57.0,8027.8163888888885,2.0,0.0,74.74194444444444,164.0,Yes
517,https://github.com/qlands/elasticfeeds/issues/4,3.0,367.0,17.938333333333333,3.0,0.0,17.912222222222223,0.0,Yes
518,https://github.com/simonw/simonw-readthedocs-experiments/issues/1,30.0,882.0,10.992777777777778,1.0,0.0,9.614166666666666,0.0,Yes
519,https://github.com/simonw/simonw-readthedocs-experiments/issues/1,30.0,882.0,10.992777777777778,1.0,0.0,9.614166666666666,0.0,Yes
520,https://github.com/simonw/simonw-readthedocs-experiments/issues/1,30.0,882.0,10.992777777777778,1.0,0.0,9.614166666666666,0.0,Yes
521,https://github.com/simonw/simonw-readthedocs-experiments/issues/1,30.0,882.0,10.992777777777778,1.0,0.0,9.614166666666666,0.0,Yes
522,https://github.com/simonw/llm/issues/185,22.0,1804.0,149.54944444444445,1.0,0.0,34.193333333333335,879.0,Yes
523,https://github.com/tran-the-lam/scada-project/issues/2,4.0,220.0,8015.054444444444,2.0,0.0,8015.054444444444,0.0,Yes
524,https://github.com/byronwall/kids-reading/issues/32,2.0,38.0,111.33361111111111,1.0,0.0,,0.0,Yes
525,https://github.com/byronwall/kids-reading/issues/32,2.0,38.0,111.33361111111111,1.0,0.0,,0.0,Yes
526,https://github.com/byronwall/kids-reading/issues/32,2.0,38.0,111.33361111111111,1.0,0.0,,0.0,Yes
527,https://github.com/byronwall/kids-reading/issues/32,2.0,38.0,111.33361111111111,1.0,0.0,,0.0,Yes
528,https://github.com/ariel1985/aipages/issues/4,0.0,0.0,1.7236111111111112,1.0,1.0,,0.0,No
529,https://github.com/HimankAtl/Atal/issues/2,0.0,0.0,0.0,1.0,0.0,,0.0,No
530,https://github.com/DovieW/microbook-maker/issues/27,0.0,0.0,136.1588888888889,1.0,0.0,,0.0,Yes
531,https://github.com/purpleslurple/PurpleSlurple/issues/109,0.0,0.0,0.0,1.0,0.0,,0.0,No
532,https://github.com/DovieW/microbook-maker/issues/25,0.0,0.0,0.004722222222222222,1.0,0.0,,0.0,No
533,https://github.com/ntdev-technology/mipsi/issues/3,,,,,,,,No
534,https://github.com/harupy/mlflow/issues/79,1.0,56.0,1412.5475,1.0,0.0,,0.0,No
535,https://github.com/jabrena/servlet-archaeology/issues/36,2.0,2.0,0.17083333333333334,1.0,0.0,,0.0,No
536,https://github.com/purpleslurple/PurpleSlurple/issues/110,0.0,0.0,0.0,1.0,0.0,,0.0,No
537,https://github.com/purpleslurple/PurpleSlurple/issues/100,0.0,0.0,0.036944444444444446,1.0,0.0,,0.0,No
538,https://github.com/yoheinakajima/instagraph/issues/5,3.0,113.0,101.02888888888889,2.0,0.0,,0.0,No
539,https://github.com/rom-py/rompy/issues/33,4.0,136.0,8614.294166666667,3.0,0.0,8614.294166666667,137.0,Yes
540,https://github.com/frizman21/common-sm/issues/10,1.0,9.0,951.0125,1.0,0.0,,0.0,No
541,https://github.com/danielsgriffin/setarco/issues/3,0.0,0.0,0.0,1.0,0.0,,0.0,No
542,https://github.com/matt-yml/pk/issues/108,3.0,103.0,4122.114166666666,1.0,1.0,,0.0,No
543,https://github.com/ariel1985/aipages/issues/22,2.0,10.0,1.9752777777777777,1.0,1.0,,0.0,No
544,https://github.com/jabrena/servlet-archaeology/issues/34,1.0,1.0,33.58083333333333,1.0,0.0,,0.0,No
545,https://github.com/DovieW/microbook-maker/issues/24,1.0,1.0,10077.951111111111,1.0,0.0,,0.0,No
546,https://github.com/marcusziade/github-appleos/issues/1,1.0,1.0,0.06,1.0,1.0,,0.0,No
547,https://github.com/OpenSourceHelpCommunity/Questions/issues/356,0.0,0.0,0.0,1.0,0.0,,0.0,No
548,https://github.com/ariel1985/aipages/issues/10,1.0,38.0,60.864444444444445,1.0,1.0,,0.0,No
549,https://github.com/purpleslurple/PurpleSlurple/issues/93,1.0,21.0,8.359722222222222,1.0,0.0,,0.0,No
550,https://github.com/BerriAI/litellm/issues/360,5.0,165.0,6432.858333333334,4.0,0.0,6432.858333333334,8471.0,Yes
551,https://github.com/fredyk/westack-go/issues/615,3.0,68.0,6709.6322222222225,1.0,0.0,6709.6322222222225,0.0,Yes
552,https://github.com/SverreNystad/power-predictor/issues/9,3.0,78.0,1310.898888888889,1.0,3.0,,0.0,Yes
553,https://github.com/Gizra/drupal-starter/issues/568,7.0,64.0,407.0419444444444,2.0,1.0,,0.0,Yes
554,https://github.com/ubiquity/ubiquibot/issues/746,30.0,3109.0,1179.5513888888888,4.0,0.0,,0.0,Yes
555,https://github.com/CodeConnoisseur74/pdi-to-do-app/issues/6,3.0,133.0,223.8486111111111,2.0,0.0,,0.0,No
556,https://github.com/mvdan/sh/issues/1031,6.0,201.0,12760.104166666666,4.0,0.0,12760.104166666666,0.0,No
557,https://github.com/ubiquity/ubiquibot/issues/771,1.0,130.0,167.20805555555555,1.0,0.0,,0.0,No
558,https://github.com/Glavin001/PeakProgrammer/issues/30,0.0,0.0,0.0002777777777777778,1.0,1.0,,0.0,No
559,https://github.com/zsviczian/obsidian-excalidraw-plugin/issues/1319,2.0,157.0,335.02555555555557,2.0,0.0,,0.0,No
560,https://github.com/dbochicchioasclepyus/internship-embeddings-module/issues/12,,,,,,,,No
561,https://github.com/purpleslurple/PurpleSlurple/issues/94,3.0,254.0,632.0413888888888,1.0,0.0,,0.0,No
562,https://github.com/CodeConnoisseur74/pdi-to-do-app/issues/7,7.0,357.0,317.29055555555556,2.0,1.0,,0.0,No
563,https://github.com/chdb-io/chdb/issues/107,20.0,713.0,9250.734166666667,5.0,0.0,,0.0,No
564,https://github.com/RobotsBuildingEducation/RobotsBuildingEducation/issues/28,0.0,0.0,3349.558611111111,1.0,0.0,3349.558611111111,0.0,No
565,https://github.com/usebruno/bruno/issues/224,25.0,2022.0,8519.24,11.0,0.0,8519.239722222223,8011.0,No
566,https://github.com/mobile-dev-inc/dadb/issues/65,0.0,0.0,956.5358333333334,1.0,0.0,956.5358333333334,0.0,Yes
567,https://github.com/The-OpenROAD-Project/OpenROAD-flow-scripts/issues/1497,2.0,13.0,2300.577222222222,3.0,0.0,2300.577222222222,13220.0,Yes
568,https://github.com/Richie-Lee/Bayesian_AB_Test/issues/5,3.0,38.0,2801.1294444444443,1.0,0.0,2801.1294444444443,0.0,Yes
569,https://github.com/epicweb-dev/totp/issues/6,11.0,592.0,4229.256666666667,5.0,0.0,3155.7808333333332,0.0,Yes
570,https://github.com/meta-introspector/meta-meme/issues/101,13.0,8270.0,621.4322222222222,1.0,0.0,,0.0,No
571,https://github.com/bioshazard/coffee/issues/1,1.0,4.0,1.8105555555555555,1.0,0.0,1.8105555555555555,0.0,Yes
572,https://github.com/clojure-emacs/orchard/issues/186,2.0,52.0,161.34055555555557,2.0,0.0,161.34027777777777,376.0,No
573,https://github.com/SebChw/Actually-Robust-Training/issues/78,4.0,86.0,908.7816666666666,4.0,1.0,908.7816666666666,335.0,Yes
574,https://github.com/pupilfirst/ai-review-action/issues/1,1.0,22.0,485.2297222222222,2.0,1.0,485.2297222222222,387.0,Yes
575,https://github.com/CodeConnoisseur74/pdi-to-do-app/issues/1,30.0,1362.0,193.37,2.0,2.0,192.88916666666665,0.0,Yes
576,https://github.com/SDU-SE2023-G6/Interactive-Systems/issues/1,0.0,0.0,0.11388888888888889,1.0,0.0,0.11388888888888889,0.0,Yes
577,https://github.com/kaist-cp/cs220/issues/267,3.0,80.0,162.18138888888888,2.0,1.0,162.16722222222222,6.0,No
578,https://github.com/open-learning-exchange/myplanet/issues/2429,1.0,1.0,1.2261111111111112,1.0,0.0,1.2261111111111112,0.0,Yes
579,https://github.com/OpenPluginACI/openplugin-api/issues/7,0.0,0.0,21.380555555555556,1.0,0.0,21.380555555555556,0.0,Yes
580,https://github.com/simonw/llm/issues/267,2.0,39.0,1.25,1.0,0.0,0.4419444444444444,0.0,Yes
581,https://github.com/hrsh7th/msw-snapshot/issues/4,2.0,35.0,1253.9466666666667,2.0,0.0,1253.9463888888888,0.0,Yes
582,https://github.com/kaist-cp/cs220/issues/262,2.0,25.0,0.5783333333333334,2.0,1.0,0.5783333333333334,0.0,Yes
583,https://github.com/kaist-cp/cs220/issues/256,4.0,61.0,37.20777777777778,2.0,3.0,37.20777777777778,0.0,Yes
584,https://github.com/ianarawjo/ChainForge/issues/127,1.0,96.0,2.643611111111111,2.0,0.0,2.6255555555555556,0.0,No
585,https://github.com/simonw/datasette/issues/2164,1.0,80.0,201.03472222222223,1.0,0.0,2.6461111111111113,124.0,Yes
586,https://github.com/zsviczian/obsidian-excalidraw-plugin/issues/1306,4.0,122.0,5660.933888888889,3.0,0.0,475.19388888888886,0.0,Yes
587,https://github.com/tinygrad/tinygrad/issues/1801,2.0,115.0,389.3511111111111,2.0,0.0,389.3511111111111,68.0,Yes
588,https://github.com/ismayc/thesisdown/issues/199,3.0,168.0,182.43,3.0,1.0,54.83138888888889,0.0,No
589,https://github.com/bitcoin/bitcoin/issues/28420,1.0,8.0,99.8575,2.0,0.0,0.01638888888888889,0.0,Yes
590,https://github.com/kaist-cp/cs220/issues/257,3.0,58.0,37.091388888888886,3.0,3.0,15.186388888888889,0.0,Yes
591,https://github.com/gitonomy/gitlib/issues/209,3.0,82.0,18.264444444444443,1.0,0.0,18.264166666666668,0.0,No
592,https://github.com/simonw/llm/issues/287,2.0,132.0,0.21333333333333335,1.0,0.0,0.21333333333333335,0.0,No
593,https://github.com/johann-wagner/wagner-test/issues/12,4.0,118.0,0.7772222222222223,2.0,2.0,0.7772222222222223,183.0,No
594,https://github.com/kaist-cp/cs220/issues/259,6.0,98.0,146.6688888888889,3.0,1.0,129.3488888888889,0.0,No
595,https://github.com/ubiquity/ubiquibot/issues/809,20.0,668.0,4.036388888888889,4.0,1.0,1.8286111111111112,7.0,Yes
596,https://github.com/ubiquity/ubiquibot/issues/809,20.0,668.0,4.036388888888889,4.0,1.0,1.8286111111111112,7.0,Yes
597,https://github.com/OpenPluginACI/openplugin-api/issues/6,1.0,2.0,23.43138888888889,1.0,0.0,23.43138888888889,0.0,No
598,https://github.com/ubiquity/pay.ubq.fi/issues/138,30.0,1718.0,4164.629166666667,5.0,1.0,4164.628333333333,0.0,No
599,https://github.com/Cerlancism/chatgpt-subtitle-translator/issues/10,6.0,1685.0,3517.3791666666666,3.0,0.0,3517.3791666666666,0.0,Yes
600,https://github.com/simonw/datasette/issues/2189,30.0,1973.0,77.05083333333333,2.0,0.0,77.05083333333333,0.0,Yes
601,https://github.com/ubiquity/ubiquibot/issues/711,15.0,834.0,476.7422222222222,6.0,1.0,447.3102777777778,1444.0,No
602,https://github.com/TryQuiet/quiet/issues/1915,0.0,0.0,2372.005833333333,1.0,0.0,,0.0,Yes
603,https://github.com/eliteGoblin/lyubishchev/issues/104,0.0,0.0,4391.880833333334,1.0,0.0,,0.0,Yes
604,https://github.com/T3X3K/moodleScraper/issues/1,0.0,0.0,0.0,1.0,0.0,,0.0,No
605,https://github.com/navikt/pensjon-regler-beregn/issues/787,0.0,0.0,8253.289722222222,1.0,1.0,8253.289444444445,0.0,Yes
606,https://github.com/Qrist0ph/pirmicboard_david/issues/7,0.0,0.0,0.0,1.0,0.0,,0.0,No
607,https://github.com/arakoodev/EdgeChains/issues/244,1.0,78.0,5.973888888888889,2.0,0.0,,0.0,No
608,https://github.com/SoftwareCornwall/tech-jam-portal/issues/14,0.0,0.0,13.891111111111112,1.0,1.0,,0.0,Yes
609,https://github.com/scripting/feedlandSupport/issues/224,0.0,0.0,0.0,1.0,0.0,,0.0,Yes
610,https://github.com/0sir1ss/Carbon/issues/7,1.0,14.0,2859.6472222222224,2.0,0.0,,0.0,No
611,https://github.com/PromtEngineer/localGPT/issues/540,3.0,97.0,6285.995277777778,4.0,0.0,,0.0,Yes
612,https://github.com/kgilds/getrealwiki/issues/3,1.0,3.0,0.09805555555555556,1.0,1.0,,0.0,No
613,https://github.com/korlibs/korge/issues/1996,1.0,49.0,188.96583333333334,2.0,0.0,,0.0,No
614,https://github.com/agronholm/apscheduler/issues/794,0.0,0.0,0.175,1.0,0.0,,0.0,Yes
615,https://github.com/startupjs/startupjs/issues/1076,0.0,0.0,1869.9386111111112,1.0,1.0,,0.0,Yes
616,https://github.com/extinctsion/easyPythonpi/issues/60,4.0,74.0,68.17861111111111,3.0,0.0,,0.0,Yes
617,https://github.com/sunner/ChatALL/issues/586,5.0,104.0,1749.3622222222223,3.0,0.0,,0.0,No
618,https://github.com/RadostW/stochastic/issues/11,3.0,76.0,100.44194444444445,2.0,0.0,,0.0,No
619,https://github.com/NVlabs/Deep_Object_Pose/issues/325,4.0,178.0,163.1186111111111,2.0,0.0,,0.0,No
620,https://github.com/ansys/actions/issues/347,8.0,160.0,160.13666666666666,2.0,0.0,,0.0,Yes
621,https://github.com/oliverschwendener/ueli/issues/1050,9.0,364.0,5001.515,3.0,0.0,5001.515,0.0,No
622,https://github.com/freelawproject/courtlistener/issues/3245,5.0,337.0,13911.124722222223,2.0,1.0,13911.124722222223,0.0,Yes
623,https://github.com/usebruno/bruno/issues/344,13.0,1056.0,10174.035277777777,6.0,1.0,,0.0,Yes
624,https://github.com/DroidScript/Docs/issues/82,0.0,0.0,0.4855555555555556,1.0,0.0,,0.0,No
625,https://github.com/kubesail/pibox-host/issues/21,3.0,89.0,2101.192777777778,1.0,0.0,2101.1925,0.0,Yes
626,https://github.com/imprex92/dark-traveling-marshmallow/issues/155,1.0,1.0,506.30694444444447,1.0,1.0,506.3066666666667,0.0,Yes
627,https://github.com/lusimoncelli/barco-aac/issues/15,2.0,47.0,1029.1833333333334,2.0,1.0,1029.1833333333334,0.0,Yes
628,https://github.com/SoftwareCornwall/tech-jam-portal/issues/6,0.0,0.0,8.026666666666667,1.0,1.0,8.026666666666667,0.0,Yes
629,https://github.com/afederici75/Videomatic/issues/58,0.0,0.0,0.06555555555555556,1.0,1.0,0.025277777777777777,0.0,Yes
630,https://github.com/globe-and-citizen/Celebrity-Fanalyzer/issues/322,1.0,10.0,617.1319444444445,2.0,1.0,617.1319444444445,0.0,Yes
631,https://github.com/traceloop/openllmetry/issues/93,12.0,524.0,1145.713888888889,3.0,0.0,1145.713611111111,0.0,Yes
632,https://github.com/cmbant/CAMB/issues/149,4.0,78.0,5651.941111111111,3.0,0.0,1.0091666666666668,0.0,Yes
633,https://github.com/vlcn-io/cr-sqlite/issues/382,,,,,,,,No
634,https://github.com/Analyticsphere/flatteningRequests/issues/37,2.0,60.0,338.50694444444446,1.0,3.0,338.50666666666666,0.0,Yes
635,https://github.com/MatrixAI/js-quic/issues/65,8.0,745.0,7416.425833333334,2.0,1.0,2707.696388888889,197.0,No
636,https://github.com/kaist-cp/cs220/issues/292,2.0,65.0,7.0633333333333335,2.0,3.0,7.0633333333333335,0.0,Yes
637,https://github.com/jbellis/jvector/issues/115,5.0,512.0,336.1713888888889,3.0,0.0,336.1713888888889,6107.0,No
638,https://github.com/natbat/pillarpointstewards/issues/121,4.0,202.0,49.75333333333333,1.0,0.0,49.75333333333333,0.0,Yes
639,https://github.com/numbersprotocol/capture-lite/issues/3057,28.0,1963.0,2860.19,1.0,1.0,2860.19,0.0,Yes
640,https://github.com/ggerganov/whisper.cpp/issues/1344,,,,,,,,Yes
641,https://github.com/kaonasi-biwa/Twitter-UI-Customizer/issues/94,15.0,677.0,1845.6130555555555,2.0,0.0,1845.6130555555555,0.0,Yes
642,https://github.com/larryhudson/astro-sqlite-tts-feed/issues/5,4.0,238.0,2.1780555555555554,1.0,0.0,2.1780555555555554,387.0,Yes
643,https://github.com/keycloakify/keycloakify/issues/443,9.0,720.0,99.21527777777777,2.0,0.0,98.98694444444445,0.0,Yes
644,https://github.com/code-423n4/2023-09-maia-findings/issues/272,4.0,165.0,524.9883333333333,5.0,0.0,524.9880555555555,0.0,No
645,https://github.com/Betterbird/thunderbird-patches/issues/215,12.0,2117.0,217.9075,2.0,0.0,1.0,0.0,No
646,https://github.com/facebook/react-native/issues/39743,30.0,3694.0,12210.011666666667,16.0,0.0,670.3208333333333,0.0,Yes
647,https://github.com/kornia/kornia/issues/2649,2.0,133.0,6852.515555555556,2.0,1.0,,0.0,Yes
648,https://github.com/lokdumi/billion-trillions-/issues/4,0.0,0.0,0.0,1.0,0.0,,0.0,No
649,https://github.com/PolicyEngine/policyengine-us/issues/3215,0.0,0.0,0.004722222222222222,1.0,0.0,,0.0,No
650,https://github.com/rjpence/daily-financial-literacy-dapp/issues/6,1.0,3.0,8.458055555555555,2.0,0.0,,0.0,No
651,https://github.com/judahpaul16/energy-needs/issues/1,1.0,3.0,0.12416666666666666,1.0,4.0,,0.0,No
652,https://github.com/m-c-frank/justthoughts/issues/122,2.0,27.0,0.4027777777777778,1.0,0.0,,0.0,No
653,https://github.com/MisterMunchkin/mom-and-me-clinic/issues/67,2.0,22.0,254.11083333333335,1.0,0.0,,0.0,No
654,https://github.com/davestgermain/aionostr/issues/3,0.0,0.0,0.0,1.0,0.0,,0.0,Yes
655,https://github.com/shakacode/heroku-to-control-plane/issues/117,1.0,124.0,6.7525,2.0,0.0,,0.0,No
656,https://github.com/capnproto/capnproto/issues/1833,3.0,153.0,80.63194444444444,3.0,0.0,,0.0,Yes
657,https://github.com/google-map-react/google-map-react/issues/1204,12.0,236.0,1887.7222222222222,11.0,0.0,,0.0,Yes
658,https://github.com/mohamed-chs/chatgpt-history-export-to-md/issues/27,4.0,314.0,1356.9847222222222,4.0,0.0,,0.0,Yes
659,https://github.com/neuralmesh/apimesh/issues/14,10.0,439.0,119.00305555555556,1.0,0.0,,0.0,No
660,https://github.com/KwickerHub/WebCraftifyAI/issues/823,9.0,668.0,2135.2080555555553,4.0,0.0,,0.0,Yes
661,https://github.com/ManimCommunity/manim/issues/3455,14.0,575.0,6031.934166666667,5.0,1.0,,0.0,Yes
662,https://github.com/jasonacox/tinytuya/issues/416,10.0,530.0,1261.0111111111112,3.0,0.0,,0.0,No
663,https://github.com/p-ferreira/agent-subnet/issues/3,3.0,667.0,6693.270555555556,2.0,0.0,,0.0,No
664,https://github.com/f3d-app/f3d/issues/1063,13.0,1121.0,10653.501944444444,4.0,0.0,,0.0,No
665,https://github.com/f2etw/detect-inapp/issues/52,10.0,728.0,2489.433611111111,4.0,0.0,,0.0,No
666,https://github.com/lencx/ChatGPT/issues/1147,19.0,1020.0,787.8,5.0,0.0,,0.0,No
667,https://github.com/epiforecasts/scoringutils/issues/418,2.0,296.0,2777.291388888889,2.0,0.0,2777.279722222222,29.0,Yes
668,https://github.com/31Nathan/MyGame/issues/2,2.0,41.0,2319.67,1.0,0.0,2319.67,0.0,Yes
669,https://github.com/anchit-chandran/db-fundamentals/issues/21,0.0,0.0,0.25972222222222224,1.0,1.0,0.25972222222222224,0.0,Yes
670,https://github.com/paritytech/polkadot-sdk/issues/2245,16.0,1098.0,2251.1894444444442,3.0,1.0,,0.0,Yes
671,https://github.com/microsoft/vscode-cpptools/issues/11662,2.0,26.0,11246.071944444444,2.0,0.0,,0.0,No
672,https://github.com/ftrackhq/ftrack-javascript/issues/166,5.0,139.0,2526.543888888889,3.0,0.0,2526.543888888889,666.0,No
673,https://github.com/ai-boost/Awesome-GPTs/issues/17,4.0,100.0,13.175,2.0,0.0,13.175,0.0,Yes
674,https://github.com/ai-boost/Awesome-GPTs/issues/43,3.0,45.0,26.413055555555555,2.0,0.0,26.413055555555555,0.0,No
675,https://github.com/leo-editor/leo-editor/issues/3667,22.0,2233.0,5649.295277777778,3.0,2.0,5649.288888888889,0.0,Yes
676,https://github.com/tobi-laa/reflective-fluent-builders/issues/172,1.0,78.0,1935.9244444444444,1.0,0.0,1935.9244444444444,790.0,Yes
677,https://github.com/ciminibb/networks-project-2/issues/3,0.0,0.0,90.67527777777778,1.0,1.0,90.67527777777778,153.0,Yes
678,https://github.com/thankthemaker/rESCueApp/issues/56,0.0,0.0,0.23777777777777778,1.0,1.0,0.23777777777777778,0.0,Yes
679,https://github.com/fhdsl/metricminer/issues/27,1.0,3.0,212.155,1.0,0.0,212.155,6.0,Yes
680,https://github.com/fac29b/Mythical_Creatures_Rehabilitation_Center/issues/5,0.0,0.0,67.8725,1.0,0.0,67.8725,23.0,Yes
681,https://github.com/ironwoodcall/TagTracker/issues/316,2.0,79.0,2417.6758333333332,1.0,1.0,2417.6758333333332,0.0,Yes
682,https://github.com/dessalines/thumb-key/issues/568,2.0,36.0,27.836944444444445,2.0,0.0,27.836666666666666,0.0,No
683,https://github.com/arindamsaha1507/sankhyaakaara/issues/9,3.0,75.0,4.3613888888888885,2.0,0.0,4.266944444444444,0.0,Yes
684,https://github.com/InseeFrLab/onyxia/issues/676,3.0,45.0,86.69222222222223,3.0,0.0,7.4825,0.0,Yes
685,https://github.com/bitovi/github-actions-deploy-docker-to-ec2/issues/145,2.0,14.0,238.84694444444443,2.0,0.0,238.84694444444443,0.0,No
686,https://github.com/StefanSalewski/salewski-chess/issues/3,30.0,2149.0,305.75916666666666,2.0,0.0,,0.0,No
687,https://github.com/abi/screenshot-to-code/issues/20,2.0,35.0,17.768333333333334,3.0,0.0,17.768333333333334,0.0,Yes
688,https://github.com/Tonomy-Foundation/Tonomy-ID-BD/issues/188,1.0,1.0,358.2997222222222,2.0,2.0,358.2997222222222,0.0,Yes
689,https://github.com/emscripten-core/emscripten/issues/20599,7.0,323.0,671.0058333333334,2.0,0.0,671.0016666666667,0.0,Yes
690,https://github.com/stakwork/stak-bounties/issues/5,4.0,169.0,505.5827777777778,2.0,0.0,505.5827777777778,0.0,Yes
691,https://github.com/PolicyEngine/policyengine-us/issues/3278,0.0,0.0,718.1763888888889,1.0,0.0,718.1763888888889,8738.0,Yes
692,https://github.com/GilbertLabUCSF/ScreenPro2/issues/23,4.0,75.0,713.7186111111112,1.0,0.0,713.7183333333334,0.0,No
693,https://github.com/ErikBjare/gptme/issues/17,3.0,21.0,167.16416666666666,2.0,0.0,167.16416666666666,33.0,Yes
694,https://github.com/parimsuka/hackaTUM-check24/issues/5,1.0,44.0,28.2125,2.0,2.0,28.2125,0.0,Yes
695,https://github.com/OpenAccess-AI-Collective/axolotl/issues/830,2.0,16.0,39.833333333333336,2.0,0.0,39.833333333333336,164.0,Yes
696,https://github.com/abdallahalseddek/Practical-Web-Database-Design/issues/3,1.0,27.0,181.71777777777777,1.0,0.0,181.71777777777777,0.0,Yes
697,https://github.com/recloudstream/cloudstream/issues/778,3.0,63.0,0.4533333333333333,3.0,0.0,0.4533333333333333,0.0,No
698,https://github.com/spdustin/ChatGPT-AutoExpert/issues/72,1.0,59.0,32.87861111111111,2.0,1.0,32.87861111111111,0.0,Yes
699,https://github.com/scripting/a8c-FeedLand-Support/issues/42,10.0,352.0,787.7441666666666,3.0,1.0,787.7438888888889,0.0,No
700,https://github.com/scripting/a8c-FeedLand-Support/issues/42,10.0,352.0,787.7441666666666,3.0,1.0,787.7438888888889,0.0,No
701,https://github.com/scripting/a8c-FeedLand-Support/issues/42,10.0,352.0,787.7441666666666,3.0,1.0,787.7438888888889,0.0,No
702,https://github.com/scripting/a8c-FeedLand-Support/issues/42,10.0,352.0,787.7441666666666,3.0,1.0,787.7438888888889,0.0,No
703,https://github.com/princeton-vl/infinigen/issues/168,3.0,147.0,317.38,3.0,0.0,317.38,0.0,Yes
704,https://github.com/m-c-frank/justthoughts/issues/57,4.0,260.0,37.684444444444445,1.0,0.0,37.684444444444445,0.0,Yes
705,https://github.com/Kicksecure/security-misc/issues/157,30.0,2881.0,3189.581111111111,2.0,0.0,,0.0,No
706,https://github.com/hyperledger/aries-askar/issues/195,9.0,542.0,391.8961111111111,3.0,0.0,391.8961111111111,68.0,No
707,https://github.com/kaist-cp/cs220/issues/308,6.0,522.0,47.85527777777778,2.0,3.0,47.85527777777778,0.0,Yes
708,https://github.com/DennisOSRM/hms-mqtt-publisher/issues/17,11.0,358.0,457.45416666666665,2.0,0.0,457.4538888888889,146.0,Yes
709,https://github.com/Betterbird/thunderbird-patches/issues/224,13.0,1421.0,1629.046111111111,2.0,0.0,1227.526111111111,0.0,Yes
710,https://github.com/qdrant/qdrant/issues/2887,6.0,365.0,39.19583333333333,3.0,0.0,1.6236111111111111,0.0,No
711,https://github.com/ESPresense/ESPresense/issues/1091,17.0,678.0,170.59472222222223,5.0,0.0,2.8041666666666667,0.0,No
712,https://github.com/happo/happo-e2e/issues/21,20.0,1665.0,199.45166666666665,2.0,0.0,199.45138888888889,144.0,Yes
713,https://github.com/andrewnjoo/XpenseTrackr/issues/35,,,,,,,,Yes
714,https://github.com/neuralmesh/apimesh/issues/27,0.0,0.0,0.0,1.0,0.0,,0.0,No
715,https://github.com/PolicyEngine/policyengine-api/issues/998,2.0,28.0,10102.098055555556,2.0,1.0,10102.098055555556,22.0,No
716,https://github.com/cjmling/findings/issues/348,0.0,0.0,0.0,1.0,0.0,,0.0,No
717,https://github.com/trevineoorloff/ExpressiveFaceVideoEncoding/issues/3,1.0,14.0,0.7922222222222223,2.0,0.0,,0.0,No
718,https://github.com/EloiStree/2023_12_01_HelloLocalizationQATestingOMI/issues/21,0.0,0.0,1.1827777777777777,1.0,0.0,,0.0,No
719,https://github.com/codecrafters-io/build-your-own-git/issues/60,1.0,11.0,0.019444444444444445,1.0,0.0,,0.0,No
720,https://github.com/ray-project/ray/issues/41568,4.0,132.0,3163.268611111111,3.0,1.0,3163.268611111111,9311.0,Yes
721,https://github.com/ProgramX-NPledger/Clock/issues/65,0.0,0.0,0.0,1.0,0.0,,0.0,No
722,https://github.com/colinodell/google-meet-hass-extension/issues/4,2.0,68.0,57.44916666666666,2.0,0.0,,0.0,Yes
723,https://github.com/8none1/zengge_lednetwf/issues/7,3.0,314.0,347.2986111111111,3.0,0.0,,0.0,No
724,https://github.com/jhiggason/yahboomg1tank/issues/11,3.0,133.0,0.43777777777777777,2.0,0.0,,0.0,Yes
725,https://github.com/dmccreary/microsims/issues/2,0.0,0.0,0.2,1.0,0.0,,0.0,No
726,https://github.com/jwjacobson/jazztunes/issues/53,4.0,192.0,6826.615277777778,2.0,0.0,6826.615277777778,0.0,No
727,https://github.com/redis/go-redis/issues/2845,8.0,503.0,10958.16138888889,4.0,0.0,,0.0,No
728,https://github.com/pkgxdev/pkgx/issues/894,8.0,398.0,10469.375,3.0,0.0,,0.0,No
729,https://github.com/jhuckaby/Cronicle/issues/694,3.0,329.0,33.10611111111111,2.0,0.0,,0.0,No
730,https://github.com/karpathy/llama2.c/issues/465,5.0,436.0,1907.2547222222222,2.0,0.0,,0.0,Yes
731,https://github.com/scripting/Scripting-News/issues/282,9.0,502.0,22.779166666666665,4.0,0.0,,0.0,Yes
732,https://github.com/scripting/Scripting-News/issues/282,9.0,502.0,22.779166666666665,4.0,0.0,,0.0,No
733,https://github.com/scripting/Scripting-News/issues/282,9.0,502.0,22.779166666666665,4.0,0.0,,0.0,Yes
734,https://github.com/scripting/Scripting-News/issues/282,9.0,502.0,22.779166666666665,4.0,0.0,,0.0,No
735,https://github.com/raspiblitz/raspiblitz/issues/4304,7.0,560.0,2473.198888888889,2.0,0.0,2473.197222222222,122.0,Yes
736,https://github.com/wkpark/uddetailer/issues/54,30.0,3564.0,2351.823611111111,4.0,1.0,,0.0,Yes
737,https://github.com/promptengineers-ai/core/issues/28,1.0,12.0,332.8775,1.0,0.0,,0.0,Yes
738,https://github.com/Stadt-Geschichte-Basel/forschung.stadtgeschichtebasel.ch/issues/8,0.0,0.0,1964.1547222222223,1.0,1.0,1964.1547222222223,4186.0,Yes
739,https://github.com/simonw/sqlite-chronicle/issues/7,30.0,4959.0,12455.887777777778,1.0,0.0,12455.8875,0.0,Yes
740,https://github.com/ubiquity/ubiquibot/issues/904,13.0,755.0,53.194722222222225,4.0,0.0,,0.0,Yes
741,https://github.com/BertusBG/BertBar/issues/11,1.0,1.0,23.772777777777776,1.0,0.0,23.7725,0.0,Yes
742,https://github.com/BertusBG/BertBar/issues/5,0.0,0.0,26.58361111111111,1.0,0.0,26.58361111111111,0.0,No
743,https://github.com/jxnl/instructor/issues/260,19.0,1233.0,4423.02,6.0,0.0,4423.02,0.0,Yes
744,https://github.com/martinhofigueiredo/SE/issues/4,3.0,131.0,821.8644444444444,2.0,1.0,821.8641666666666,0.0,No
745,https://github.com/TrueBlocks/trueblocks-addressly/issues/9,0.0,0.0,232.18916666666667,1.0,0.0,232.18916666666667,0.0,No
746,https://github.com/jwjacobson/jazztunes/issues/68,2.0,29.0,218.59583333333333,2.0,1.0,214.95111111111112,0.0,Yes
747,https://github.com/from2001/VRM_VisualScriptingNodes/issues/20,17.0,724.0,3803.563888888889,1.0,0.0,3803.563888888889,0.0,Yes
